Workbook

Sheet Terminologies

Sheet Instructions
A1: Sr No | B1: Particulars
A2: 1 | B2: Each Region will have a unique Area Name, OLT ID & Cluster ID.
A3: =A2+1 -> 2 | B3: Every FAT/OLD/FDC/JC will have a unique ID.
A4: =A3+1 -> 3 | B4: Each entity as mentioned in above pt, will have a separate row & respective entry in the tracker | R4: Item Name
A5: =A4+1 -> 4 | B5: Kindly refer Terminologies sheet for model understanding. Alternatively you can also use respective SLDs for the same | R5: FDC
A6: =A5+1 -> 5 | B6: For filling the trackers, regional teams will have to fill cells where Headings are not highlighted. | R6: FAT Box
A7: =A6+1 -> 6 | B7: Central Team will be filling data for cells where Headings are highlighted in Yellow | R7: Duct
A8: =A7+1 -> 7 | B8: Kindly do not fill any cell where headings are highlighted in Green. | R8: Primary Splitter
A9: =A8+1 -> 8 | B9: For all FAT/FDC there will be an entry of separate row in "Node Details" sheet.
A10: =A9+1 -> 9 | B10: Any extension of current path,route will be treated as a new route.
A11: =A10+1 -> 10 | B11: Any new branch getting deployed from same common FAT/FDC which is not part of existing route shall be treated as a New Route.
A12: =A11+1 -> 11 | B12: Fiber Material & Fiber Execution service details are to be entered in "Route Details" & "Node Details" sheet only.
A13: =A12+1 -> 12 | B13: Tracker has to be filled all routes that are RFS/Deployed irrespective of Sign-off.
A14: =A13+1 -> 13 | B14: Billing start date will be HOTO date, when penetration % is >=50% | R14: Secondary Splitter
A15: =A14+1 -> 14 | B15: Kindly enter date in DD_MMM_YYYY format for all columns where date has to be entered. | R15: Pigtail
A16: =A15+1 -> 15 | B16: Kindly do not alter format of the sheet, i.e add or delete rows/columns or do any formatting changes. | R16: Patch Cords
R17: Tiffin Box
R18: FMS

Sheet Route-Details
O1: =SUBTOTAL(9,O3:O1048576) -> 67231 | W1: =SUBTOTAL(9,W3:W1048576) -> 67231 | X1: =SUBTOTAL(9,X3:X1048576) -> 67231 | AE1: =SUBTOTAL(9,AE3:AE1048576) -> 67231 | AL1: =SUBTOTAL(9,AL3:AL1048576) -> 67231 | BB1: =SUBTOTAL(9,BB3:BB1048576) -> 67231 | BC1: =SUBTOTAL(9,BC3:BC1048576) -> 2016930
A2: Sr No | B2: Unique Route ID | C2: FDC/FAT Unique ID (Start Point) | D2: Start point Latlong | E2: FDC/FAT Unique ID (End Point) | F2: End point Latlong | G2: Customer | H2: Area Name | I2: City | J2: Telecom Circle | K2: State | L2: OLT ID | M2: Cluster ID | N2: Online AT Date (Delivered) | O2: Online AT Length (Delivered) | P2: HOTO Date | Q2: HOTO Signoff Date | R2: Start Date (Date from which we can bill) | S2: Lock-in Period | T2: Surrender Date | U2: Fresh Delivery/Renewal | V2: Fiber Capacity | W2: OTDR length (in meters) | X2: Customer Billable length (in meters) | Z2: Customer PO no | AA2: PO length | AB2: PO Date | AC2: PO Rate | AE2: Fiber length deployed/used (in meters) | AF2: Fiber Type | AG2: Fiber Capacity | AH2: Fiber Rate per meter (incl Freight) | AI2: Fiber Material Cost | AK2: Execution Vendor Name | AL2: Vendor Billable Length (Fiber laying) | AM2: Fiber Laying Rate | AN2: Fiber Laying/Execution Cost | AO2: OTM Length | AP2: OTM Execution Rate | AQ2: OTM Cost | AR2: Total Vendor Cost | AT2: Vendor PO No | AU2: Vendor PO Date | AV2: Vendor PO Rate | AW2: Vendor PO Cost | AY2: Vendor Invoice No | AZ2: Vendor Invoice Date | BA2: Vendor Invoice Rate | BB2: Vendor Invoiced length | BC2: Invoice Amt | BE2: Route no | BF2: Unique Route ID | BG2: Status as on March 23 | BH2: Status as on Sep 23 | BI2: Statsu as on March 2024 | BJ2: VM Remark 1 | BK2: VM Remark 2
A3: 1 | B3: 0000001PS-00001PS10 | C3: 1PS | D3: 18.5135706,73.8474076 | E3: 1PS10 | F3: 18.5132478,73.849171 | G3: Airtel | H3: Narayan Peth 1 | I3: Pune | J3: M&G | K3: Maharashtra | L3: 1PS | M3: 1PS | N3: 45046 | O3: 1600 | P3: 45046 | Q3: 45145 | R3: 45107 | U3: Fresh | V3: 24F | W3: 1600 | X3: 1600 | Z3: BAL-ANG-UASL-ROM-Maharashtra/PUR/10001850 | AA3: 150000 | AB3: 44918 | AC3: 30.5 | AE3: 1600 | AF3: ADSS | AG3: 24F | AH3: 29.43 | AI3: =IF(AE3<>"",AH3*AE3,0) -> 47088 | AK3: Tirumala Enterprises | AL3: 1600 | AM3: 30 | AN3: =IF(AL3<>"",AM3*AL3,0) -> 48000 | AQ3: =IF(AO3<>"",AP3*AO3,0) -> 0 | AR3: =AQ3+AN3 -> 48000 | AT3: ETIPL-PUR-ORD-23-09-00024 | AU3: 45180 | AV3: =AM3 -> 30 | AW3: =AV3*AL3 -> 48000 | AY3: TE/23-24/214 | AZ3: 45180 | BA3: =AM3 -> 30 | BB3: =AL3 -> 1600 | BC3: =IF(BB3<>"",BB3*BA3,0) -> 48000 | BE3: R-1 | BF3: 0000001PS-00001PS10 | BG3: NA | BH3: Completed | BI3: Completed | BJ3: New data for Sep-23 Audit
A4: =A3+1 -> 2 | B4: 00001PS09-00001PS13 | C4: 1PS09 | D4: 18.5128762,73.8498843 | E4: 1PS13 | F4: 18.5132241,73.8495957 | G4: Airtel | H4: Narayan Peth 1 | I4: Pune | J4: M&G | K4: Maharashtra | L4: 1PS | M4: 1PS | N4: 45046 | O4: 580 | P4: 45046 | Q4: 45145 | R4: 45107 | U4: Fresh | V4: 24F | W4: 580 | X4: 580 | Z4: BAL-ANG-UASL-ROM-Maharashtra/PUR/10001850 | AA4: 150000 | AB4: 44918 | AC4: 30.5 | AE4: 580 | AF4: ADSS | AG4: 24F | AH4: 29.43 | AI4: =IF(AE4<>"",AH4*AE4,0) -> 17069.4 | AK4: Tirumala Enterprises | AL4: 580 | AM4: 30 | AN4: =IF(AL4<>"",AM4*AL4,0) -> 17400 | AQ4: =IF(AO4<>"",AP4*AO4,0) -> 0 | AR4: =AQ4+AN4 -> 17400 | AT4: ETIPL-PUR-ORD-23-09-00024 | AU4: 45180 | AV4: =AM4 -> 30 | AW4: =AV4*AL4 -> 17400 | AY4: TE/23-24/214 | AZ4: 45180 | BA4: =AM4 -> 30 | BB4: =AL4 -> 580 | BC4: =IF(BB4<>"",BB4*BA4,0) -> 17400 | BE4: R-2 | BF4: 00001PS09-00001PS13 | BG4: NA | BH4: Completed | BI4: Completed | BJ4: New data for Sep-23 Audit
A5: =A4+1 -> 3 | B5: 00001PS06-00001PS15 | C5: 1PS06 | D5: 18.5131637,73.848134 | E5: 1PS15 | F5: 18.513298,73.8483325 | G5: Airtel | H5: Narayan Peth 1 | I5: Pune | J5: M&G | K5: Maharashtra | L5: 1PS | M5: 1PS | N5: 45046 | O5: 176 | P5: 45046 | Q5: 45145 | R5: 45107 | U5: Fresh | V5: 24F | W5: 176 | X5: 176 | Z5: BAL-ANG-UASL-ROM-Maharashtra/PUR/10001850 | AA5: 150000 | AB5: 44918 | AC5: 30.5 | AE5: 176 | AF5: ADSS | AG5: 24F | AH5: 29.43 | AI5: =IF(AE5<>"",AH5*AE5,0) -> 5179.68 | AK5: Tirumala Enterprises | AL5: 176 | AM5: 30 | AN5: =IF(AL5<>"",AM5*AL5,0) -> 5280 | AQ5: =IF(AO5<>"",AP5*AO5,0) -> 0 | AR5: =AQ5+AN5 -> 5280 | AT5: ETIPL-PUR-ORD-23-09-00024 | AU5: 45180 | AV5: =AM5 -> 30 | AW5: =AV5*AL5 -> 5280 | AY5: TE/23-24/214 | AZ5: 45180 | BA5: =AM5 -> 30 | BB5: =AL5 -> 176 | BC5: =IF(BB5<>"",BB5*BA5,0) -> 5280 | BE5: R-3 | BF5: 00001PS06-00001PS15 | BG5: NA | BH5: Completed | BI5: Completed | BJ5: New data for Sep-23 Audit
A6: =A5+1 -> 4 | B6: 0000001PS-00001PS16 | C6: 1PS | D6: 18.5135706,73.8474076 | E6: 1PS16 | F6: 18.512756,73.847585 | G6: Airtel | H6: Narayan Peth 1 | I6: Pune | J6: M&G | K6: Maharashtra | L6: 1PS | M6: 1PS | N6: 45046 | O6: 233 | P6: 45046 | Q6: 45145 | R6: 45107 | U6: Fresh | V6: 24F | W6: 233 | X6: 233 | Z6: BAL-ANG-UASL-ROM-Maharashtra/PUR/10001850 | AA6: 150000 | AB6: 44918 | AC6: 30.5 | AE6: 233 | AF6: ADSS | AG6: 24F | AH6: 29.43 | AI6: =IF(AE6<>"",AH6*AE6,0) -> 6857.19 | AK6: Tirumala Enterprises | AL6: 233 | AM6: 30 | AN6: =IF(AL6<>"",AM6*AL6,0) -> 6990 | AQ6: =IF(AO6<>"",AP6*AO6,0) -> 0 | AR6: =AQ6+AN6 -> 6990 | AT6: ETIPL-PUR-ORD-23-09-00024 | AU6: 45180 | AV6: =AM6 -> 30 | AW6: =AV6*AL6 -> 6990 | AY6: TE/23-24/214 | AZ6: 45180 | BA6: =AM6 -> 30 | BB6: =AL6 -> 233 | BC6: =IF(BB6<>"",BB6*BA6,0) -> 6990 | BE6: R-4 | BF6: 0000001PS-00001PS16 | BG6: NA | BH6: Completed | BI6: Completed | BJ6: New data for Sep-23 Audit
A7: =A6+1 -> 5 | B7: 00001PS02-1PS020101 | C7: 1PS02 | D7: 18.5135706,73.8474076 | E7: 1PS020101 | F7: 18.5135706,73.8474076 | G7: Airtel | H7: Narayan Peth 1 | I7: Pune | J7: M&G | K7: Maharashtra | L7: 1PS | M7: 1PS | N7: 45046 | O7: 290 | P7: 45046 | Q7: 45145 | R7: 45107 | U7: Fresh | V7: 12F | W7: 290 | X7: 290 | Z7: BAL-ANG-UASL-ROM-Maharashtra/PUR/10001850 | AA7: 200000 | AB7: 44918 | AC7: 25.5 | AE7: 290 | AF7: ADSS | AG7: 12F | AH7: 12.718 | AI7: =IF(AE7<>"",AH7*AE7,0) -> 3688.22 | AK7: Tirumala Enterprises | AL7: 290 | AM7: 30 | AN7: =IF(AL7<>"",AM7*AL7,0) -> 8700 | AQ7: =IF(AO7<>"",AP7*AO7,0) -> 0 | AR7: =AQ7+AN7 -> 8700 | AT7: ETIPL-PUR-ORD-23-09-00024 | AU7: 45180 | AV7: =AM7 -> 30 | AW7: =AV7*AL7 -> 8700 | AY7: TE/23-24/214 | AZ7: 45180 | BA7: =AM7 -> 30 | BB7: =AL7 -> 290 | BC7: =IF(BB7<>"",BB7*BA7,0) -> 8700 | BE7: R-5 | BF7: 00001PS02-1PS020101 | BG7: NA | BH7: Completed | BI7: Completed | BJ7: New data for Sep-23 Audit
A8: =A7+1 -> 6 | B8: 00001PS03-1PS030102 | C8: 1PS03 | D8: 18.5124853,73.8488461 | E8: 1PS030102 | F8: 18.5123786,73.8485078 | G8: Airtel | H8: Narayan Peth 1 | I8: Pune | J8: M&G | K8: Maharashtra | L8: 1PS | M8: 1PS | N8: 45046 | O8: 283 | P8: 45046 | Q8: 45145 | R8: 45107 | U8: Fresh | V8: 12F | W8: 283 | X8: 283 | Z8: BAL-ANG-UASL-ROM-Maharashtra/PUR/10001850 | AA8: 200000 | AB8: 44918 | AC8: 25.5 | AE8: 283 | AF8: ADSS | AG8: 12F | AH8: 12.718 | AI8: =IF(AE8<>"",AH8*AE8,0) -> 3599.194 | AK8: Tirumala Enterprises | AL8: 283 | AM8: 30 | AN8: =IF(AL8<>"",AM8*AL8,0) -> 8490 | AQ8: =IF(AO8<>"",AP8*AO8,0) -> 0 | AR8: =AQ8+AN8 -> 8490 | AT8: ETIPL-PUR-ORD-23-09-00024 | AU8: 45180 | AV8: =AM8 -> 30 | AW8: =AV8*AL8 -> 8490 | AY8: TE/23-24/214 | AZ8: 45180 | BA8: =AM8 -> 30 | BB8: =AL8 -> 283 | BC8: =IF(BB8<>"",BB8*BA8,0) -> 8490 | BE8: R-6 | BF8: 00001PS03-1PS030102 | BG8: NA | BH8: Completed | BI8: Completed | BJ8: New data for Sep-23 Audit
A9: =A8+1 -> 7 | B9: 00001PS04-1PS030101 | C9: 1PS04 | D9: 18.512749,73.8479542 | E9: 1PS030101 | F9: 18.5124853,73.8488461 | G9: Airtel | H9: Narayan Peth 1 | I9: Pune | J9: M&G | K9: Maharashtra | L9: 1PS | M9: 1PS | N9: 45046 | O9: 5 | P9: 45046 | Q9: 45145 | R9: 45107 | U9: Fresh | V9: 12F | W9: 5 | X9: 5 | Z9: BAL-ANG-UASL-ROM-Maharashtra/PUR/10001850 | AA9: 200000 | AB9: 44918 | AC9: 25.5 | AE9: 5 | AF9: ADSS | AG9: 12F | AH9: 12.718 | AI9: =IF(AE9<>"",AH9*AE9,0) -> 63.59 | AK9: Tirumala Enterprises | AL9: 5 | AM9: 30 | AN9: =IF(AL9<>"",AM9*AL9,0) -> 150 | AQ9: =IF(AO9<>"",AP9*AO9,0) -> 0 | AR9: =AQ9+AN9 -> 150 | AT9: ETIPL-PUR-ORD-23-09-00024 | AU9: 45180 | AV9: =AM9 -> 30 | AW9: =AV9*AL9 -> 150 | AY9: TE/23-24/214 | AZ9: 45180 | BA9: =AM9 -> 30 | BB9: =AL9 -> 5 | BC9: =IF(BB9<>"",BB9*BA9,0) -> 150 | BE9: R-7 | BF9: 00001PS04-1PS030101 | BG9: NA | BH9: Completed | BI9: Completed | BJ9: New data for Sep-23 Audit
A10: =A9+1 -> 8 | B10: 00001PS04-1PS040101 | C10: 1PS04 | D10: 18.512749,73.8479542 | E10: 1PS040101 | F10: 18.512749,73.8479542 | G10: Airtel | H10: Narayan Peth 1 | I10: Pune | J10: M&G | K10: Maharashtra | L10: 1PS | M10: 1PS | N10: 45046 | O10: 5 | P10: 45046 | Q10: 45145 | R10: 45107 | U10: Fresh | V10: 12F | W10: 5 | X10: 5 | Z10: BAL-ANG-UASL-ROM-Maharashtra/PUR/10001850 | AA10: 200000 | AB10: 44918 | AC10: 25.5 | AE10: 5 | AF10: ADSS | AG10: 12F | AH10: 12.718 | AI10: =IF(AE10<>"",AH10*AE10,0) -> 63.59 | AK10: Tirumala Enterprises | AL10: 5 | AM10: 30 | AN10: =IF(AL10<>"",AM10*AL10,0) -> 150 | AQ10: =IF(AO10<>"",AP10*AO10,0) -> 0 | AR10: =AQ10+AN10 -> 150 | AT10: ETIPL-PUR-ORD-23-09-00024 | AU10: 45180 | AV10: =AM10 -> 30 | AW10: =AV10*AL10 -> 150 | AY10: TE/23-24/214 | AZ10: 45180 | BA10: =AM10 -> 30 | BB10: =AL10 -> 5 | BC10: =IF(BB10<>"",BB10*BA10,0) -> 150 | BE10: R-8 | BF10: 00001PS04-1PS040101 | BG10: NA | BH10: Completed | BI10: Completed | BJ10: New data for Sep-23 Audit
A11: =A10+1 -> 9 | B11: 00001PS05-1PS050101 | C11: 1PS05 | D11: 18.5137452,73.8490588 | E11: 1PS050101 | F11: 18.5137452,73.8490588 | G11: Airtel | H11: Narayan Peth 1 | I11: Pune | J11: M&G | K11: Maharashtra | L11: 1PS | M11: 1PS | N11: 45046 | O11: 15 | P11: 45046 | Q11: 45145 | R11: 45107 | U11: Fresh | V11: 12F | W11: 15 | X11: 15 | Z11: BAL-ANG-UASL-ROM-Maharashtra/PUR/10001850 | AA11: 200000 | AB11: 44918 | AC11: 25.5 | AE11: 15 | AF11: ADSS | AG11: 12F | AH11: 12.718 | AI11: =IF(AE11<>"",AH11*AE11,0) -> 190.77 | AK11: Tirumala Enterprises | AL11: 15 | AM11: 30 | AN11: =IF(AL11<>"",AM11*AL11,0) -> 450 | AQ11: =IF(AO11<>"",AP11*AO11,0) -> 0 | AR11: =AQ11+AN11 -> 450 | AT11: ETIPL-PUR-ORD-23-09-00024 | AU11: 45180 | AV11: =AM11 -> 30 | AW11: =AV11*AL11 -> 450 | AY11: TE/23-24/214 | AZ11: 45180 | BA11: =AM11 -> 30 | BB11: =AL11 -> 15 | BC11: =IF(BB11<>"",BB11*BA11,0) -> 450 | BE11: R-9 | BF11: 00001PS05-1PS050101 | BG11: NA | BH11: Completed | BI11: Completed | BJ11: New data for Sep-23 Audit
A12: =A11+1 -> 10 | B12: 00001PS06-1PS060101 | C12: 1PS06 | D12: 18.5131637,73.848134 | E12: 1PS060101 | F12: 18.5131637,73.848134 | G12: Airtel | H12: Narayan Peth 1 | I12: Pune | J12: M&G | K12: Maharashtra | L12: 1PS | M12: 1PS | N12: 45046 | O12: 334 | P12: 45046 | Q12: 45145 | R12: 45107 | U12: Fresh | V12: 12F | W12: 334 | X12: 334 | Z12: BAL-ANG-UASL-ROM-Maharashtra/PUR/10001850 | AA12: 200000 | AB12: 44918 | AC12: 25.5 | AE12: 334 | AF12: ADSS | AG12: 12F | AH12: 12.718 | AI12: =IF(AE12<>"",AH12*AE12,0) -> 4247.812 | AK12: Tirumala Enterprises | AL12: 334 | AM12: 30 | AN12: =IF(AL12<>"",AM12*AL12,0) -> 10020 | AQ12: =IF(AO12<>"",AP12*AO12,0) -> 0 | AR12: =AQ12+AN12 -> 10020 | AT12: ETIPL-PUR-ORD-23-09-00024 | AU12: 45180 | AV12: =AM12 -> 30 | AW12: =AV12*AL12 -> 10020 | AY12: TE/23-24/214 | AZ12: 45180 | BA12: =AM12 -> 30 | BB12: =AL12 -> 334 | BC12: =IF(BB12<>"",BB12*BA12,0) -> 10020 | BE12: R-10 | BF12: 00001PS06-1PS060101 | BG12: NA | BH12: Completed | BI12: Completed | BJ12: New data for Sep-23 Audit
A13: =A12+1 -> 11 | B13: 00001PS07-1PS070101 | C13: 1PS07 | D13: 18.513012,73.8492633 | E13: 1PS070101 | F13: 18.513012,73.8492633 | G13: Airtel | H13: Narayan Peth 1 | I13: Pune | J13: M&G | K13: Maharashtra | L13: 1PS | M13: 1PS | N13: 45046 | O13: 353 | P13: 45046 | Q13: 45145 | R13: 45107 | U13: Fresh | V13: 12F | W13: 353 | X13: 353 | Z13: BAL-ANG-UASL-ROM-Maharashtra/PUR/10001850 | AA13: 200000 | AB13: 44918 | AC13: 25.5 | AE13: 353 | AF13: ADSS | AG13: 12F | AH13: 12.718 | AI13: =IF(AE13<>"",AH13*AE13,0) -> 4489.454 | AK13: Tirumala Enterprises | AL13: 353 | AM13: 30 | AN13: =IF(AL13<>"",AM13*AL13,0) -> 10590 | AQ13: =IF(AO13<>"",AP13*AO13,0) -> 0 | AR13: =AQ13+AN13 -> 10590 | AT13: ETIPL-PUR-ORD-23-09-00024 | AU13: 45180 | AV13: =AM13 -> 30 | AW13: =AV13*AL13 -> 10590 | AY13: TE/23-24/214 | AZ13: 45180 | BA13: =AM13 -> 30 | BB13: =AL13 -> 353 | BC13: =IF(BB13<>"",BB13*BA13,0) -> 10590 | BE13: R-11 | BF13: 00001PS07-1PS070101 | BG13: NA | BH13: Completed | BI13: Completed | BJ13: New data for Sep-23 Audit
A14: =A13+1 -> 12 | B14: 00001PS08-1PS080101 | C14: 1PS08 | D14: 18.512945,73.8497125 | E14: 1PS080101 | F14: 18.512945,73.8497125 | G14: Airtel | H14: Narayan Peth 1 | I14: Pune | J14: M&G | K14: Maharashtra | L14: 1PS | M14: 1PS | N14: 45046 | O14: 20 | P14: 45046 | Q14: 45145 | R14: 45107 | U14: Fresh | V14: 12F | W14: 20 | X14: 20 | Z14: BAL-ANG-UASL-ROM-Maharashtra/PUR/10001850 | AA14: 200000 | AB14: 44918 | AC14: 25.5 | AE14: 20 | AF14: ADSS | AG14: 12F | AH14: 12.718 | AI14: =IF(AE14<>"",AH14*AE14,0) -> 254.36 | AK14: Tirumala Enterprises | AL14: 20 | AM14: 30 | AN14: =IF(AL14<>"",AM14*AL14,0) -> 600 | AQ14: =IF(AO14<>"",AP14*AO14,0) -> 0 | AR14: =AQ14+AN14 -> 600 | AT14: ETIPL-PUR-ORD-23-09-00024 | AU14: 45180 | AV14: =AM14 -> 30 | AW14: =AV14*AL14 -> 600 | AY14: TE/23-24/214 | AZ14: 45180 | BA14: =AM14 -> 30 | BB14: =AL14 -> 20 | BC14: =IF(BB14<>"",BB14*BA14,0) -> 600 | BE14: R-12 | BF14: 00001PS08-1PS080101 | BG14: NA | BH14: Completed | BI14: Completed | BJ14: New data for Sep-23 Audit
A15: =A14+1 -> 13 | B15: 00001PS09-1PS090101 | C15: 1PS09 | D15: 18.5128762,73.8498843 | E15: 1PS090101 | F15: 18.5128762,73.8498843 | G15: Airtel | H15: Narayan Peth 1 | I15: Pune | J15: M&G | K15: Maharashtra | L15: 1PS | M15: 1PS | N15: 45046 | O15: 167 | P15: 45046 | Q15: 45145 | R15: 45107 | U15: Fresh | V15: 12F | W15: 167 | X15: 167 | Z15: BAL-ANG-UASL-ROM-Maharashtra/PUR/10001850 | AA15: 200000 | AB15: 44918 | AC15: 25.5 | AE15: 167 | AF15: ADSS | AG15: 12F | AH15: 12.718 | AI15: =IF(AE15<>"",AH15*AE15,0) -> 2123.906 | AK15: Tirumala Enterprises | AL15: 167 | AM15: 30 | AN15: =IF(AL15<>"",AM15*AL15,0) -> 5010 | AQ15: =IF(AO15<>"",AP15*AO15,0) -> 0 | AR15: =AQ15+AN15 -> 5010 | AT15: ETIPL-PUR-ORD-23-09-00024 | AU15: 45180 | AV15: =AM15 -> 30 | AW15: =AV15*AL15 -> 5010 | AY15: TE/23-24/214 | AZ15: 45180 | BA15: =AM15 -> 30 | BB15: =AL15 -> 167 | BC15: =IF(BB15<>"",BB15*BA15,0) -> 5010 | BE15: R-13 | BF15: 00001PS09-1PS090101 | BG15: NA | BH15: Completed | BI15: Completed | BJ15: New data for Sep-23 Audit
... A95: =A94+1 -> 93 | B95: 0000SHT57-SHT570101 | C95: SHT57 | D95: 18.5123253,73.8461169 | E95: SHT570101 | F95: 18.5123253,73.8461169 | G95: Airtel | H95: Narayan Peth 2 | I95: Pune | J95: M&G | K95: Maharashtra | L95: SHT | M95: SHT | N95: 45046 | O95: 5 | P95: 45046 | Q95: 45145 | R95: 45107 | U95: Fresh | V95: 12F | W95: 5 | X95: 5 | Z95: BAL-ANG-UASL-ROM-Maharashtra/PUR/10001850 | AA95: 200000 | AB95: 44918 | AC95: 25.5 | AE95: 5 | AF95: ADSS | AG95: 12F | AH95: 12.718 | AI95: =IF(AE95<>"",AH95*AE95,0) -> 63.59 | AK95: Yashashree Constructions | AL95: 5 | AM95: 20 | AN95: =IF(AL95<>"",AM95*AL95,0) -> 100 | AQ95: =IF(AO95<>"",AP95*AO95,0) -> 0 | AR95: =AQ95+AN95 -> 100 | AT95: ETIPL-PUR-ORD-23-07-00050 | AU95: 45128 | AV95: =AM95 -> 20 | AW95: =AV95*AL95 -> 100 | AY95: YC1249 | AZ95: 45204 | BA95: =AM95 -> 20 | BB95: =AL95 -> 5 | BC95: =IF(BB95<>"",BB95*BA95,0) -> 100 | BE95: R-91 | BF95: 0000SHT57-SHT570101 | BG95: NA | BH95: Completed | BI95: Completed | BJ95: New data for Sep-23 Audit
A96: =A95+1 -> 94 | B96: 00001WB17-SHT580108 | C96: 1WB17 | D96: 18.5117684,73.848405 | E96: SHT580108 | F96: 18.512337,73.850021 | G96: Airtel | H96: Narayan Peth 2 | I96: Pune | J96: M&G | K96: Maharashtra | L96: SHT | M96: SHT | N96: 45046 | O96: 112 | P96: 45046 | Q96: 45145 | R96: 45107 | U96: Fresh | V96: 12F | W96: 112 | X96: 112 | Z96: BAL-ANG-UASL-ROM-Maharashtra/PUR/10001850 | AA96: 200000 | AB96: 44918 | AC96: 25.5 | AE96: 112 | AF96: ADSS | AG96: 12F | AH96: 12.718 | AI96: =IF(AE96<>"",AH96*AE96,0) -> 1424.416 | AK96: Yashashree Constructions | AL96: 112 | AM96: 20 | AN96: =IF(AL96<>"",AM96*AL96,0) -> 2240 | AQ96: =IF(AO96<>"",AP96*AO96,0) -> 0 | AR96: =AQ96+AN96 -> 2240 | AT96: ETIPL-PUR-ORD-23-07-00050 | AU96: 45128 | AV96: =AM96 -> 20 | AW96: =AV96*AL96 -> 2240 | AY96: YC1250 | AZ96: 45204 | BA96: =AM96 -> 20 | BB96: =AL96 -> 112 | BC96: =IF(BB96<>"",BB96*BA96,0) -> 2240 | BE96: R-92 | BF96: 00001WB17-SHT580108 | BG96: NA | BH96: Completed | BI96: Completed | BJ96: New data for Sep-23 Audit | BK96: Credit note raised for 1 mtr.-YC1250/CN
A97: =A96+1 -> 95 | B97: 00001WB17-SHT580108 | C97: 1WB17 | D97: 18.5117684,73.848405 | E97: SHT580108 | F97: 18.512337,73.850021 | G97: Airtel | H97: Narayan Peth 2 | I97: Pune | J97: M&G | K97: Maharashtra | L97: SHT | M97: SHT | N97: 45107 | O97: 150 | P97: 45107 | Q97: 45145 | R97: 45107 | U97: Fresh | V97: 12F | W97: 150 | X97: 150 | Z97: BAL-ANG-UASL-ROM-Maharashtra/PUR/10001850 | AA97: 200000 | AB97: 44918 | AC97: 25.5 | AE97: 150 | AF97: ADSS | AG97: 12F | AH97: 15.353 | AI97: =IF(AE97<>"",AH97*AE97,0) -> 2302.95 | AK97: Yashashree Constructions | AL97: 150 | AM97: 20 | AN97: =IF(AL97<>"",AM97*AL97,0) -> 3000 | AQ97: =IF(AO97<>"",AP97*AO97,0) -> 0 | AR97: =AQ97+AN97 -> 3000 | AT97: ETIPL-PUR-ORD-23-07-00050 | AU97: 45128 | AV97: =AM97 -> 20 | AW97: =AV97*AL97 -> 3000 | AY97: YC1250 | AZ97: 45204 | BA97: =AM97 -> 20 | BB97: =AL97 -> 150 | BC97: =IF(BB97<>"",BB97*BA97,0) -> 3000 | BE97: R-92 | BF97: 00001WB17-SHT580108 | BG97: NA | BH97: Completed | BI97: Completed | BJ97: New data for Sep-23 Audit | BK97: Credit note raised for 1 mtr.-YC1250/CN
A98: =A97+1 -> 96 | B98: 0000SHT58-SHT580103 | C98: SHT58 | D98: 18.5117653,73.8488452 | E98: SHT580103 | F98: 18.511496,73.8490098 | G98: Airtel | H98: Narayan Peth 2 | I98: Pune | J98: M&G | K98: Maharashtra | L98: SHT | M98: SHT | N98: 45046 | O98: 6 | P98: 45046 | Q98: 45145 | R98: 45107 | U98: Fresh | V98: 12F | W98: 6 | X98: 6 | Z98: BAL-ANG-UASL-ROM-Maharashtra/PUR/10001850 | AA98: 200000 | AB98: 44918 | AC98: 25.5 | AE98: 6 | AF98: ADSS | AG98: 12F | AH98: 12.718 | AI98: =IF(AE98<>"",AH98*AE98,0) -> 76.308 | AK98: Yashashree Constructions | AL98: 6 | AM98: 20 | AN98: =IF(AL98<>"",AM98*AL98,0) -> 120 | AQ98: =IF(AO98<>"",AP98*AO98,0) -> 0 | AR98: =AQ98+AN98 -> 120 | AT98: ETIPL-PUR-ORD-23-07-00050 | AU98: 45128 | AV98: =AM98 -> 20 | AW98: =AV98*AL98 -> 120 | AY98: YC1250 | AZ98: 45204 | BA98: =AM98 -> 20 | BB98: =AL98 -> 6 | BC98: =IF(BB98<>"",BB98*BA98,0) -> 120 | BE98: R-93 | BF98: 0000SHT58-SHT580103 | BG98: NA | BH98: Completed | BI98: Completed | BJ98: New data for Sep-23 Audit | BK98: Credit note raised for 1 mtr.-YC1250/CN
A99: =A98+1 -> 97 | B99: 0000SHT58-SHT580102 | C99: SHT58 | D99: 18.5117653,73.8488452 | E99: SHT580102 | F99: 18.5112754,73.8490174 | G99: Airtel | H99: Narayan Peth 2 | I99: Pune | J99: M&G | K99: Maharashtra | L99: SHT | M99: SHT | N99: 45046 | O99: 4 | P99: 45046 | Q99: 45145 | R99: 45107 | U99: Fresh | V99: 12F | W99: 4 | X99: 4 | Z99: BAL-ANG-UASL-ROM-Maharashtra/PUR/10001850 | AA99: 200000 | AB99: 44918 | AC99: 25.5 | AE99: 4 | AF99: ADSS | AG99: 12F | AH99: 12.718 | AI99: =IF(AE99<>"",AH99*AE99,0) -> 50.872 | AK99: Yashashree Constructions | AL99: 4 | AM99: 20 | AN99: =IF(AL99<>"",AM99*AL99,0) -> 80 | AQ99: =IF(AO99<>"",AP99*AO99,0) -> 0 | AR99: =AQ99+AN99 -> 80 | AT99: ETIPL-PUR-ORD-23-07-00050 | AU99: 45128 | AV99: =AM99 -> 20 | AW99: =AV99*AL99 -> 80 | AY99: YC1249 | AZ99: 45204 | BA99: =AM99 -> 20 | BB99: =AL99 -> 4 | BC99: =IF(BB99<>"",BB99*BA99,0) -> 80 | BE99: R-94 | BF99: 0000SHT58-SHT580102 | BG99: NA | BH99: Completed | BI99: Completed | BJ99: New data for Sep-23 Audit
A100: =A99+1 -> 98 | B100: 0000SHT58-SHT580101 | C100: SHT58 | D100: 18.5117653,73.8488452 | E100: SHT580101 | F100: 18.5117653,73.8488452 | G100: Airtel | H100: Narayan Peth 2 | I100: Pune | J100: M&G | K100: Maharashtra | L100: SHT | M100: SHT | N100: 45046 | O100: 5 | P100: 45046 | Q100: 45145 | R100: 45107 | U100: Fresh | V100: 12F | W100: 5 | X100: 5 | Z100: BAL-ANG-UASL-ROM-Maharashtra/PUR/10001850 | AA100: 200000 | AB100: 44918 | AC100: 25.5 | AE100: 5 | AF100: ADSS | AG100: 12F | AH100: 12.718 | AI100: =IF(AE100<>"",AH100*AE100,0) -> 63.59 | AK100: Yashashree Constructions | AL100: 5 | AM100: 20 | AN100: =IF(AL100<>"",AM100*AL100,0) -> 100 | AQ100: =IF(AO100<>"",AP100*AO100,0) -> 0 | AR100: =AQ100+AN100 -> 100 | AT100: ETIPL-PUR-ORD-23-07-00050 | AU100: 45128 | AV100: =AM100 -> 20 | AW100: =AV100*AL100 -> 100 | AY100: YC1249 | AZ100: 45204 | BA100: =AM100 -> 20 | BB100: =AL100 -> 5 | BC100: =IF(BB100<>"",BB100*BA100,0) -> 100 | BE100: R-95 | BF100: 0000SHT58-SHT580101 | BG100: NA | BH100: Completed | BI100: Completed | BJ100: New data for Sep-23 Audit
A101: =A100+1 -> 99 | B101: 0000SHT60-SHT590108 | C101: SHT60 | D101: 18.5122351,73.8504507 | E101: SHT590108 | F101: 18.5123599,73.8481544 | G101: Airtel | H101: Narayan Peth 2 | I101: Pune | J101: M&G | K101: Maharashtra | L101: SHT | M101: SHT | N101: 45107 | O101: 366 | P101: 45107 | Q101: 45145 | R101: 45107 | U101: Fresh | V101: 12F | W101: 366 | X101: 366 | Z101: BAL-ANG-UASL-ROM-Maharashtra/PUR/10001850 | AA101: 200000 | AB101: 44918 | AC101: 25.5 | AE101: 366 | AF101: ADSS | AG101: 12F | AH101: 15.353 | AI101: =IF(AE101<>"",AH101*AE101,0) -> 5619.198 | AK101: Yashashree Constructions | AL101: 366 | AM101: 20 | AN101: =IF(AL101<>"",AM101*AL101,0) -> 7320 | AQ101: =IF(AO101<>"",AP101*AO101,0) -> 0 | AR101: =AQ101+AN101 -> 7320 | AT101: ETIPL-PUR-ORD-23-07-00050 | AU101: 45128 | AV101: =AM101 -> 20 | AW101: =AV101*AL101 -> 7320 | AY101: YC1250 | AZ101: 45204 | BA101: =AM101 -> 20 | BB101: =AL101 -> 366 | BC101: =IF(BB101<>"",BB101*BA101,0) -> 7320 | BE101: R-96 | BF101: 0000SHT60-SHT590108 | BG101: NA | BH101: Completed | BI101: Completed | BJ101: New data for Sep-23 Audit | BK101: Credit note raised for 1 mtr.-YC1250/CN
A102: =A101+1 -> 100 | B102: SHT590105-SHT590106 | C102: SHT590105 | D102: 18.5123777,73.848194 | E102: SHT590106 | F102: 18.5123844,73.8478181 | G102: Airtel | H102: Narayan Peth 2 | I102: Pune | J102: M&G | K102: Maharashtra | L102: SHT | M102: SHT | N102: 45107 | O102: 5 | P102: 45107 | Q102: 45145 | R102: 45107 | U102: Fresh | V102: 12F | W102: 5 | X102: 5 | Z102: BAL-ANG-UASL-ROM-Maharashtra/PUR/10001850 | AA102: 200000 | AB102: 44918 | AC102: 25.5 | AE102: 5 | AF102: ADSS | AG102: 12F | AH102: 15.353 | AI102: =IF(AE102<>"",AH102*AE102,0) -> 76.765 | AK102: Yashashree Constructions | AL102: 5 | AM102: 20 | AN102: =IF(AL102<>"",AM102*AL102,0) -> 100 | AQ102: =IF(AO102<>"",AP102*AO102,0) -> 0 | AR102: =AQ102+AN102 -> 100 | AT102: ETIPL-PUR-ORD-23-07-00050 | AU102: 45128 | AV102: =AM102 -> 20 | AW102: =AV102*AL102 -> 100 | AY102: YC1250 | AZ102: 45204 | BA102: =AM102 -> 20 | BB102: =AL102 -> 5 | BC102: =IF(BB102<>"",BB102*BA102,0) -> 100 | BE102: R-97 | BF102: SHT590105-SHT590106 | BG102: NA | BH102: Completed | BI102: Completed | BJ102: New data for Sep-23 Audit | BK102: Credit note raised for 1 mtr.-YC1250/CN
A103: =A102+1 -> 101 | B103: 0000SHT59-SHT590104 | C103: SHT59 | D103: 18.5124017,73.8481311 | E103: SHT590104 | F103: 18.5124134,73.8482089 | G103: Airtel | H103: Narayan Peth 2 | I103: Pune | J103: M&G | K103: Maharashtra | L103: SHT | M103: SHT | N103: 45107 | O103: 75 | P103: 45107 | Q103: 45145 | R103: 45107 | U103: Fresh | V103: 12F | W103: 75 | X103: 75 | Z103: BAL-ANG-UASL-ROM-Maharashtra/PUR/10001850 | AA103: 200000 | AB103: 44918 | AC103: 25.5 | AE103: 75 | AF103: ADSS | AG103: 12F | AH103: 15.353 | AI103: =IF(AE103<>"",AH103*AE103,0) -> 1151.475 | AK103: Yashashree Constructions | AL103: 75 | AM103: 20 | AN103: =IF(AL103<>"",AM103*AL103,0) -> 1500 | AQ103: =IF(AO103<>"",AP103*AO103,0) -> 0 | AR103: =AQ103+AN103 -> 1500 | AT103: ETIPL-PUR-ORD-23-07-00050 | AU103: 45128 | AV103: =AM103 -> 20 | AW103: =AV103*AL103 -> 1500 | AY103: YC1250 | AZ103: 45204 | BA103: =AM103 -> 20 | BB103: =AL103 -> 75 | BC103: =IF(BB103<>"",BB103*BA103,0) -> 1500 | BE103: R-98 | BF103: 0000SHT59-SHT590104 | BG103: NA | BH103: Completed | BI103: Completed | BJ103: New data for Sep-23 Audit | BK103: Credit note raised for 1 mtr.-YC1250/CN
A104: =A103+1 -> 102 | B104: 0000SHT60-SHT600106 | C104: SHT60 | D104: 18.5122351,73.8504507 | E104: SHT600106 | F104: 18.5123265,73.850136 | G104: Airtel | H104: Narayan Peth 2 | I104: Pune | J104: M&G | K104: Maharashtra | L104: SHT | M104: SHT | N104: 45107 | O104: 15 | P104: 45107 | Q104: 45145 | R104: 45107 | U104: Fresh | V104: 12F | W104: 15 | X104: 15 | Z104: BAL-ANG-UASL-ROM-Maharashtra/PUR/10001850 | AA104: 200000 | AB104: 44918 | AC104: 25.5 | AE104: 15 | AF104: ADSS | AG104: 12F | AH104: 15.353 | AI104: =IF(AE104<>"",AH104*AE104,0) -> 230.295 | AK104: Yashashree Constructions | AL104: 15 | AM104: 20 | AN104: =IF(AL104<>"",AM104*AL104,0) -> 300 | AQ104: =IF(AO104<>"",AP104*AO104,0) -> 0 | AR104: =AQ104+AN104 -> 300 | AT104: ETIPL-PUR-ORD-23-07-00050 | AU104: 45128 | AV104: =AM104 -> 20 | AW104: =AV104*AL104 -> 300 | AY104: YC1250 | AZ104: 45204 | BA104: =AM104 -> 20 | BB104: =AL104 -> 15 | BC104: =IF(BB104<>"",BB104*BA104,0) -> 300 | BE104: R-99 | BF104: 0000SHT60-SHT600106 | BG104: NA | BH104: Completed | BI104: Completed | BJ104: New data for Sep-23 Audit | BK104: Credit note raised for 1 mtr.-YC1250/CN
A105: =A104+1 -> 103 | B105: 0000SHT60-SHT600103 | C105: SHT60 | D105: 18.5122351,73.8504507 | E105: SHT600103 | F105: 18.5122041,73.85051 | G105: Airtel | H105: Narayan Peth 2 | I105: Pune | J105: M&G | K105: Maharashtra | L105: SHT | M105: SHT | N105: 45107 | O105: 15 | P105: 45107 | Q105: 45145 | R105: 45107 | U105: Fresh | V105: 12F | W105: 15 | X105: 15 | Z105: BAL-ANG-UASL-ROM-Maharashtra/PUR/10001850 | AA105: 200000 | AB105: 44918 | AC105: 25.5 | AE105: 15 | AF105: ADSS | AG105: 12F | AH105: 15.353 | AI105: =IF(AE105<>"",AH105*AE105,0) -> 230.295 | AK105: Yashashree Constructions | AL105: 15 | AM105: 20 | AN105: =IF(AL105<>"",AM105*AL105,0) -> 300 | AQ105: =IF(AO105<>"",AP105*AO105,0) -> 0 | AR105: =AQ105+AN105 -> 300 | AT105: ETIPL-PUR-ORD-23-07-00050 | AU105: 45128 | AV105: =AM105 -> 20 | AW105: =AV105*AL105 -> 300 | AY105: YC1250 | AZ105: 45204 | BA105: =AM105 -> 20 | BB105: =AL105 -> 15 | BC105: =IF(BB105<>"",BB105*BA105,0) -> 300 | BE105: R-100 | BF105: 0000SHT60-SHT600103 | BG105: NA | BH105: Completed | BI105: Completed | BJ105: New data for Sep-23 Audit | BK105: Credit note raised for 1 mtr.-YC1250/CN
A106: =A105+1 -> 104 | B106: 0000SHT51-SHT610107 | C106: SHT51 | D106: 18.5117673,73.8500197 | E106: SHT610107 | F106: 18.5116494,73.8460474 | G106: Airtel | H106: Narayan Peth 2 | I106: Pune | J106: M&G | K106: Maharashtra | L106: SHT | M106: SHT | N106: 45107 | O106: 335 | P106: 45107 | Q106: 45145 | R106: 45107 | U106: Fresh | V106: 12F | W106: 335 | X106: 335 | Z106: BAL-ANG-UASL-ROM-Maharashtra/PUR/10001850 | AA106: 200000 | AB106: 44918 | AC106: 25.5 | AE106: 335 | AF106: ADSS | AG106: 12F | AH106: 12.69477 | AI106: =IF(AE106<>"",AH106*AE106,0) -> 4252.7479 | AK106: Yashashree Constructions | AL106: 335 | AM106: 20 | AN106: =IF(AL106<>"",AM106*AL106,0) -> 6700 | AQ106: =IF(AO106<>"",AP106*AO106,0) -> 0 | AR106: =AQ106+AN106 -> 6700 | AT106: ETIPL-PUR-ORD-23-07-00050 | AU106: 45128 | AV106: =AM106 -> 20 | AW106: =AV106*AL106 -> 6700 | AY106: YC1250 | AZ106: 45204 | BA106: =AM106 -> 20 | BB106: =AL106 -> 335 | BC106: =IF(BB106<>"",BB106*BA106,0) -> 6700 | BE106: R-101 | BF106: 0000SHT51-SHT610107 | BG106: NA | BH106: Completed | BI106: Completed | BJ106: New data for Sep-23 Audit | BK106: Credit note raised for 1 mtr.-YC1250/CN
A107: =A106+1 -> 105 | B107: 0000SHT61-SHT610105 | C107: SHT61 | D107: 18.5116483,73.8459884 | E107: SHT610105 | F107: 18.5116817,73.8459099 | G107: Airtel | H107: Narayan Peth 2 | I107: Pune | J107: M&G | K107: Maharashtra | L107: SHT | M107: SHT | N107: 45107 | O107: 144 | P107: 45107 | Q107: 45145 | R107: 45107 | U107: Fresh | V107: 12F | W107: 144 | X107: 144 | Z107: BAL-ANG-UASL-ROM-Maharashtra/PUR/10001850 | AA107: 200000 | AB107: 44918 | AC107: 25.5 | AE107: 144 | AF107: ADSS | AG107: 12F | AH107: 12.69477 | AI107: =IF(AE107<>"",AH107*AE107,0) -> 1828.0469 | AK107: Yashashree Constructions | AL107: 144 | AM107: 20 | AN107: =IF(AL107<>"",AM107*AL107,0) -> 2880 | AQ107: =IF(AO107<>"",AP107*AO107,0) -> 0 | AR107: =AQ107+AN107 -> 2880 | AT107: ETIPL-PUR-ORD-23-07-00050 | AU107: 45128 | AV107: =AM107 -> 20 | AW107: =AV107*AL107 -> 2880 | AY107: YC1250 | AZ107: 45204 | BA107: =AM107 -> 20 | BB107: =AL107 -> 144 | BC107: =IF(BB107<>"",BB107*BA107,0) -> 2880 | BE107: R-102 | BF107: 0000SHT61-SHT610105 | BG107: NA | BH107: Completed | BI107: Completed | BJ107: New data for Sep-23 Audit | BK107: Credit note raised for 1 mtr.-YC1250/CN
A108: =A107+1 -> 106 | B108: 0000SHT51-SHT620103 | C108: SHT51 | D108: 18.5117673,73.8500197 | E108: SHT620103 | F108: 18.5120323,73.8513231 | G108: Airtel | H108: Narayan Peth 2 | I108: Pune | J108: M&G | K108: Maharashtra | L108: SHT | M108: SHT | N108: 45107 | O108: 15 | P108: 45107 | Q108: 45145 | R108: 45107 | U108: Fresh | V108: 12F | W108: 15 | X108: 15 | Z108: BAL-ANG-UASL-ROM-Maharashtra/PUR/10001850 | AA108: 200000 | AB108: 44918 | AC108: 25.5 | AE108: 15 | AF108: ADSS | AG108: 12F | AH108: 12.69477 | AI108: =IF(AE108<>"",AH108*AE108,0) -> 190.42155 | AK108: Yashashree Constructions | AL108: 15 | AM108: 20 | AN108: =IF(AL108<>"",AM108*AL108,0) -> 300 | AQ108: =IF(AO108<>"",AP108*AO108,0) -> 0 | AR108: =AQ108+AN108 -> 300 | AT108: ETIPL-PUR-ORD-23-07-00050 | AU108: 45128 | AV108: =AM108 -> 20 | AW108: =AV108*AL108 -> 300 | AY108: YC1250 | AZ108: 45204 | BA108: =AM108 -> 20 | BB108: =AL108 -> 15 | BC108: =IF(BB108<>"",BB108*BA108,0) -> 300 | BE108: R-103 | BF108: 0000SHT51-SHT620103 | BG108: NA | BH108: Completed | BI108: Completed | BJ108: New data for Sep-23 Audit | BK108: Credit note raised for 1 mtr.-YC1250/CN
A109: =A108+1 -> 107 | B109: 0000SHT51-SHT620105 | C109: SHT51 | D109: 18.5117673,73.8500197 | E109: SHT620105 | F109: 18.5122119,73.8507445 | G109: Airtel | H109: Narayan Peth 2 | I109: Pune | J109: M&G | K109: Maharashtra | L109: SHT | M109: SHT | N109: 45107 | O109: 10 | P109: 45107 | Q109: 45145 | R109: 45107 | U109: Fresh | V109: 12F | W109: 10 | X109: 10 | Z109: BAL-ANG-UASL-ROM-Maharashtra/PUR/10001850 | AA109: 200000 | AB109: 44918 | AC109: 25.5 | AE109: 10 | AF109: ADSS | AG109: 12F | AH109: 12.69477 | AI109: =IF(AE109<>"",AH109*AE109,0) -> 126.9477 | AK109: Yashashree Constructions | AL109: 10 | AM109: 20 | AN109: =IF(AL109<>"",AM109*AL109,0) -> 200 | AQ109: =IF(AO109<>"",AP109*AO109,0) -> 0 | AR109: =AQ109+AN109 -> 200 | AT109: ETIPL-PUR-ORD-23-07-00050 | AU109: 45128 | AV109: =AM109 -> 20 | AW109: =AV109*AL109 -> 200 | AY109: YC1249 | AZ109: 45204 | BA109: =AM109 -> 20 | BB109: =AL109 -> 10 | BC109: =IF(BB109<>"",BB109*BA109,0) -> 200 | BE109: R-104 | BF109: 0000SHT51-SHT620105 | BG109: NA | BH109: Completed | BI109: Completed | BJ109: New data for Sep-23 Audit
A110: =A109+1 -> 108 | B110: 0000SHT51-SHT620107 | C110: SHT51 | D110: 18.5117673,73.8500197 | E110: SHT620107 | F110: 18.5125595,73.848233 | G110: Airtel | H110: Narayan Peth 2 | I110: Pune | J110: M&G | K110: Maharashtra | L110: SHT | M110: SHT | N110: 45107 | O110: 87 | P110: 45107 | Q110: 45145 | R110: 45107 | U110: Fresh | V110: 12F | W110: 87 | X110: 87 | Z110: BAL-ANG-UASL-ROM-Maharashtra/PUR/10001850 | AA110: 200000 | AB110: 44918 | AC110: 25.5 | AE110: 87 | AF110: ADSS | AG110: 12F | AH110: 12.69477 | AI110: =IF(AE110<>"",AH110*AE110,0) -> 1104.445 | AK110: Yashashree Constructions | AL110: 87 | AM110: 20 | AN110: =IF(AL110<>"",AM110*AL110,0) -> 1740 | AQ110: =IF(AO110<>"",AP110*AO110,0) -> 0 | AR110: =AQ110+AN110 -> 1740 | AT110: ETIPL-PUR-ORD-23-07-00050 | AU110: 45128 | AV110: =AM110 -> 20 | AW110: =AV110*AL110 -> 1740 | AY110: YC1250 | AZ110: 45204 | BA110: =AM110 -> 20 | BB110: =AL110 -> 87 | BC110: =IF(BB110<>"",BB110*BA110,0) -> 1740 | BE110: R-105 | BF110: 0000SHT51-SHT620107 | BG110: NA | BH110: Completed | BI110: Completed | BJ110: New data for Sep-23 Audit | BK110: Credit note raised for 1 mtr.-YC1250/CN
A111: =A110+1 -> 109 | B111: 0000SHT51-0000SHT62 | C111: SHT51 | D111: 18.5117673,73.8500197 | E111: SHT62 | F111: 18.5122324,73.8507676 | G111: Airtel | H111: Narayan Peth 2 | I111: Pune | J111: M&G | K111: Maharashtra | L111: SHT | M111: SHT | N111: 45107 | O111: 198 | P111: 45107 | Q111: 45145 | R111: 45107 | U111: Fresh | V111: 12F | W111: 198 | X111: 198 | Z111: BAL-ANG-UASL-ROM-Maharashtra/PUR/10001850 | AA111: 200000 | AB111: 44918 | AC111: 25.5 | AE111: 198 | AF111: ADSS | AG111: 12F | AH111: 12.69477 | AI111: =IF(AE111<>"",AH111*AE111,0) -> 2513.5645 | AK111: Yashashree Constructions | AL111: 198 | AM111: 20 | AN111: =IF(AL111<>"",AM111*AL111,0) -> 3960 | AQ111: =IF(AO111<>"",AP111*AO111,0) -> 0 | AR111: =AQ111+AN111 -> 3960 | AT111: ETIPL-PUR-ORD-23-07-00050 | AU111: 45128 | AV111: =AM111 -> 20 | AW111: =AV111*AL111 -> 3960 | AY111: YC1250 | AZ111: 45204 | BA111: =AM111 -> 20 | BB111: =AL111 -> 198 | BC111: =IF(BB111<>"",BB111*BA111,0) -> 3960 | BE111: R-106 | BF111: 0000SHT51-0000SHT62 | BG111: NA | BH111: Completed | BI111: Completed | BJ111: New data for Sep-23 Audit | BK111: Credit note raised for 1 mtr.-YC1250/CN
A112: =A111+1 -> 110 | B112: 0000SHT51-0000SHT63 | C112: SHT51 | D112: 18.5117673,73.8500197 | E112: SHT63 | F112: 18.5121777,73.8500441 | G112: Airtel | H112: Narayan Peth 2 | I112: Pune | J112: M&G | K112: Maharashtra | L112: SHT | M112: SHT | N112: 45107 | O112: 94 | P112: 45107 | Q112: 45145 | R112: 45107 | U112: Fresh | V112: 12F | W112: 94 | X112: 94 | Z112: BAL-ANG-UASL-ROM-Maharashtra/PUR/10001850 | AA112: 200000 | AB112: 44918 | AC112: 25.5 | AE112: 94 | AF112: ADSS | AG112: 12F | AH112: 12.69477 | AI112: =IF(AE112<>"",AH112*AE112,0) -> 1193.3084 | AK112: Yashashree Constructions | AL112: 94 | AM112: 20 | AN112: =IF(AL112<>"",AM112*AL112,0) -> 1880 | AQ112: =IF(AO112<>"",AP112*AO112,0) -> 0 | AR112: =AQ112+AN112 -> 1880 | AT112: ETIPL-PUR-ORD-23-07-00050 | AU112: 45128 | AV112: =AM112 -> 20 | AW112: =AV112*AL112 -> 1880 | AY112: YC1250 | AZ112: 45204 | BA112: =AM112 -> 20 | BB112: =AL112 -> 94 | BC112: =IF(BB112<>"",BB112*BA112,0) -> 1880 | BE112: R-107 | BF112: 0000SHT51-0000SHT63 | BG112: NA | BH112: Completed | BI112: Completed | BJ112: New data for Sep-23 Audit | BK112: Credit note raised for 1 mtr.-YC1250/CN
A113: =A112+1 -> 111 | B113: 0000SHT51-SHT630104 | C113: SHT51 | D113: 18.5117673,73.8500197 | E113: SHT630104 | F113: 18.5122366,73.8500087 | G113: Airtel | H113: Narayan Peth 2 | I113: Pune | J113: M&G | K113: Maharashtra | L113: SHT | M113: SHT | N113: 45107 | O113: 20 | P113: 45107 | Q113: 45145 | R113: 45107 | U113: Fresh | V113: 12F | W113: 20 | X113: 20 | Z113: BAL-ANG-UASL-ROM-Maharashtra/PUR/10001850 | AA113: 200000 | AB113: 44918 | AC113: 25.5 | AE113: 20 | AF113: ADSS | AG113: 12F | AH113: 12.69477 | AI113: =IF(AE113<>"",AH113*AE113,0) -> 253.8954 | AK113: Yashashree Constructions | AL113: 20 | AM113: 20 | AN113: =IF(AL113<>"",AM113*AL113,0) -> 400 | AQ113: =IF(AO113<>"",AP113*AO113,0) -> 0 | AR113: =AQ113+AN113 -> 400 | AT113: ETIPL-PUR-ORD-23-07-00050 | AU113: 45128 | AV113: =AM113 -> 20 | AW113: =AV113*AL113 -> 400 | AY113: YC1250 | AZ113: 45204 | BA113: =AM113 -> 20 | BB113: =AL113 -> 20 | BC113: =IF(BB113<>"",BB113*BA113,0) -> 400 | BE113: R-108 | BF113: 0000SHT51-SHT630104 | BG113: NA | BH113: Completed | BI113: Completed | BJ113: New data for Sep-23 Audit | BK113: Credit note raised for 1 mtr.-YC1250/CN
A114: =A113+1 -> 112 | B114: 0000SHT62-SHT630107 | C114: SHT62 | D114: 18.5122324,73.8507676 | E114: SHT630107 | F114: 18.5121676,73.8501893 | G114: Airtel | H114: Narayan Peth 2 | I114: Pune | J114: M&G | K114: Maharashtra | L114: SHT | M114: SHT | N114: 45107 | O114: 76 | P114: 45107 | Q114: 45145 | R114: 45107 | U114: Fresh | V114: 12F | W114: 76 | X114: 76 | Z114: BAL-ANG-UASL-ROM-Maharashtra/PUR/10001850 | AA114: 200000 | AB114: 44918 | AC114: 25.5 | AE114: 76 | AF114: ADSS | AG114: 12F | AH114: 12.69477 | AI114: =IF(AE114<>"",AH114*AE114,0) -> 964.80252 | AK114: Yashashree Constructions | AL114: 76 | AM114: 20 | AN114: =IF(AL114<>"",AM114*AL114,0) -> 1520 | AQ114: =IF(AO114<>"",AP114*AO114,0) -> 0 | AR114: =AQ114+AN114 -> 1520 | AT114: ETIPL-PUR-ORD-23-07-00050 | AU114: 45128 | AV114: =AM114 -> 20 | AW114: =AV114*AL114 -> 1520 | AY114: YC1250 | AZ114: 45204 | BA114: =AM114 -> 20 | BB114: =AL114 -> 76 | BC114: =IF(BB114<>"",BB114*BA114,0) -> 1520 | BE114: R-109 | BF114: 0000SHT62-SHT630107 | BG114: NA | BH114: Completed | BI114: Completed | BJ114: New data for Sep-23 Audit | BK114: Credit note raised for 1 mtr.-YC1250/CN
A115: =A114+1 -> 113 | B115: 000000K0E-0000K0E04 | C115: K0E | D115: 18.5096769,73.8328109 | E115: K0E04 | F115: 18.5108541,73.8314165 | G115: Airtel | H115: Prabhat Rd 1 | I115: Pune | J115: M&G | K115: Maharashtra | L115: K0E | M115: K0E | N115: 45046 | O115: 937 | P115: 45046 | Q115: 45145 | R115: 45107 | U115: Fresh | V115: 24F | W115: 937 | X115: 937 | Z115: BAL-ANG-UASL-ROM-Maharashtra/PUR/10001850 | AA115: 150000 | AB115: 44918 | AC115: 30.5 | AE115: 937 | AF115: ADSS | AG115: 24F | AH115: 29.43 | AI115: =IF(AE115<>"",AH115*AE115,0) -> 27575.91 | AK115: Tirumala Enterprises | AL115: 937 | AM115: 30 | AN115: =IF(AL115<>"",AM115*AL115,0) -> 28110 | AQ115: =IF(AO115<>"",AP115*AO115,0) -> 0 | AR115: =AQ115+AN115 -> 28110 | AT115: ETIPL-PUR-ORD-23-06-00032 | AU115: 45082 | AV115: =AM115 -> 30 | AW115: =AV115*AL115 -> 28110 | AY115: TE/23-24/165 | AZ115: 45136 | BA115: =AM115 -> 30 | BB115: =AL115 -> 937 | BC115: =IF(BB115<>"",BB115*BA115,0) -> 28110 | BE115: R-1 | BF115: 000000K0E-0000K0E04 | BG115: NA | BH115: Completed | BI115: Completed | BJ115: New data for Sep-23 Audit
A116: =A115+1 -> 114 | B116: 000000K0E-0000K0E06 | C116: K0E | D116: 18.5096769,73.8328109 | E116: K0E06 | F116: 18.5119896,73.8324053 | G116: Airtel | H116: Prabhat Rd 1 | I116: Pune | J116: M&G | K116: Maharashtra | L116: K0E | M116: K0E | N116: 45046 | O116: 1176 | P116: 45046 | Q116: 45145 | R116: 45107 | U116: Fresh | V116: 24F | W116: 1176 | X116: 1176 | Z116: BAL-ANG-UASL-ROM-Maharashtra/PUR/10001850 | AA116: 150000 | AB116: 44918 | AC116: 30.5 | AE116: 1176 | AF116: ADSS | AG116: 24F | AH116: 29.43 | AI116: =IF(AE116<>"",AH116*AE116,0) -> 34609.68 | AK116: Tirumala Enterprises | AL116: 1176 | AM116: 30 | AN116: =IF(AL116<>"",AM116*AL116,0) -> 35280 | AQ116: =IF(AO116<>"",AP116*AO116,0) -> 0 | AR116: =AQ116+AN116 -> 35280 | AT116: ETIPL-PUR-ORD-23-06-00032 | AU116: 45082 | AV116: =AM116 -> 30 | AW116: =AV116*AL116 -> 35280 | AY116: TE/23-24/165 | AZ116: 45136 | BA116: =AM116 -> 30 | BB116: =AL116 -> 1176 | BC116: =IF(BB116<>"",BB116*BA116,0) -> 35280 | BE116: R-2 | BF116: 000000K0E-0000K0E06 | BG116: NA | BH116: Completed | BI116: Completed | BJ116: New data for Sep-23 Audit
A117: =A116+1 -> 115 | B117: 000000K0E-0000K0E06 | C117: K0E | D117: 18.5096769,73.8328109 | E117: K0E06 | F117: 18.5119896,73.8324053 | G117: Airtel | H117: Prabhat Rd 1 | I117: Pune | J117: M&G | K117: Maharashtra | L117: K0E | M117: K0E | N117: 45107 | O117: 176 | P117: 45107 | Q117: 45145 | R117: 45107 | U117: Fresh | V117: 24F | W117: 176 | X117: 176 | Z117: BAL-ANG-UASL-ROM-Maharashtra/PUR/10001850 | AA117: 150000 | AB117: 44918 | AC117: 30.5 | AE117: 176 | AF117: ADSS | AG117: 24F | AH117: 29.43 | AI117: =IF(AE117<>"",AH117*AE117,0) -> 5179.68 | AK117: Tirumala Enterprises | AL117: 176 | AM117: 30 | AN117: =IF(AL117<>"",AM117*AL117,0) -> 5280 | AQ117: =IF(AO117<>"",AP117*AO117,0) -> 0 | AR117: =AQ117+AN117 -> 5280 | AT117: ETIPL-PUR-ORD-23-06-00032 | AU117: 45082 | AV117: =AM117 -> 30 | AW117: =AV117*AL117 -> 5280 | AY117: TE/23-24/165 | AZ117: 45136 | BA117: =AM117 -> 30 | BB117: =AL117 -> 176 | BC117: =IF(BB117<>"",BB117*BA117,0) -> 5280 | BE117: R-2 | BF117: 000000K0E-0000K0E06 | BG117: NA | BH117: Completed | BI117: Completed | BJ117: New data for Sep-23 Audit
A118: =A117+1 -> 116 | B118: 000000K0E-0000K0E13 | C118: K0E | D118: 18.5096769,73.8328109 | E118: K0E13 | F118: 18.5107298,73.832166 | G118: Airtel | H118: Prabhat Rd 1 | I118: Pune | J118: M&G | K118: Maharashtra | L118: K0E | M118: K0E | N118: 45046 | O118: 591 | P118: 45046 | Q118: 45145 | R118: 45107 | U118: Fresh | V118: 24F | W118: 591 | X118: 591 | Z118: BAL-ANG-UASL-ROM-Maharashtra/PUR/10001850 | AA118: 150000 | AB118: 44918 | AC118: 30.5 | AE118: 591 | AF118: ADSS | AG118: 24F | AH118: 29.43 | AI118: =IF(AE118<>"",AH118*AE118,0) -> 17393.13 | AK118: Tirumala Enterprises | AL118: 591 | AM118: 30 | AN118: =IF(AL118<>"",AM118*AL118,0) -> 17730 | AQ118: =IF(AO118<>"",AP118*AO118,0) -> 0 | AR118: =AQ118+AN118 -> 17730 | AT118: ETIPL-PUR-ORD-23-06-00032 | AU118: 45082 | AV118: =AM118 -> 30 | AW118: =AV118*AL118 -> 17730 | AY118: TE/23-24/165 | AZ118: 45136 | BA118: =AM118 -> 30 | BB118: =AL118 -> 591 | BC118: =IF(BB118<>"",BB118*BA118,0) -> 17730 | BE118: R-3 | BF118: 000000K0E-0000K0E13 | BG118: NA | BH118: Completed | BI118: Completed | BJ118: New data for Sep-23 Audit
A119: =A118+1 -> 117 | B119: 000000K0E-0000K0E07 | C119: K0E | D119: 18.5096769,73.8328109 | E119: K0E07 | F119: 18.5117783,73.8329774 | G119: Airtel | H119: Prabhat Rd 1 | I119: Pune | J119: M&G | K119: Maharashtra | L119: K0E | M119: K0E | N119: 45046 | O119: 1216 | P119: 45046 | Q119: 45145 | R119: 45107 | U119: Fresh | V119: 24F | W119: 1216 | X119: 1216 | Z119: BAL-ANG-UASL-ROM-Maharashtra/PUR/10001850 | AA119: 150000 | AB119: 44918 | AC119: 30.5 | AE119: 1216 | AF119: ADSS | AG119: 24F | AH119: 29.43 | AI119: =IF(AE119<>"",AH119*AE119,0) -> 35786.88 | AK119: Tirumala Enterprises | AL119: 1216 | AM119: 30 | AN119: =IF(AL119<>"",AM119*AL119,0) -> 36480 | AQ119: =IF(AO119<>"",AP119*AO119,0) -> 0 | AR119: =AQ119+AN119 -> 36480 | AT119: ETIPL-PUR-ORD-23-06-00032 | AU119: 45082 | AV119: =AM119 -> 30 | AW119: =AV119*AL119 -> 36480 | AY119: TE/23-24/165 | AZ119: 45136 | BA119: =AM119 -> 30 | BB119: =AL119 -> 1216 | BC119: =IF(BB119<>"",BB119*BA119,0) -> 36480 | BE119: R-4 | BF119: 000000K0E-0000K0E07 | BG119: NA | BH119: Completed | BI119: Completed | BJ119: New data for Sep-23 Audit
A120: =A119+1 -> 118 | B120: 000000K0E-0000K0E23 | C120: K0E | D120: 18.5096769,73.8328109 | E120: K0E23 | F120: 18.510106,73.8355634 | G120: Airtel | H120: Prabhat Rd 2 | I120: Pune | J120: M&G | K120: Maharashtra | L120: K0E | M120: K0E | N120: 45046 | O120: 703 | P120: 45046 | Q120: 45145 | R120: 45107 | U120: Fresh | V120: 24F | W120: 703 | X120: 703 | Z120: BAL-ANG-UASL-ROM-Maharashtra/PUR/10001850 | AA120: 150000 | AB120: 44918 | AC120: 30.5 | AE120: 703 | AF120: ADSS | AG120: 24F | AH120: 29.43 | AI120: =IF(AE120<>"",AH120*AE120,0) -> 20689.29 | AK120: Tirumala Enterprises | AL120: 703 | AM120: 30 | AN120: =IF(AL120<>"",AM120*AL120,0) -> 21090 | AQ120: =IF(AO120<>"",AP120*AO120,0) -> 0 | AR120: =AQ120+AN120 -> 21090 | AT120: ETIPL-PUR-ORD-23-06-00032 | AU120: 45082 | AV120: =AM120 -> 30 | AW120: =AV120*AL120 -> 21090 | AY120: TE/23-24/165 | AZ120: 45136 | BA120: =AM120 -> 30 | BB120: =AL120 -> 703 | BC120: =IF(BB120<>"",BB120*BA120,0) -> 21090 | BE120: R-5 | BF120: 000000K0E-0000K0E23 | BG120: NA | BH120: Completed | BI120: Completed | BJ120: New data for Sep-23 Audit
A121: =A120+1 -> 119 | B121: 000000K0E-0000K0E17 | C121: K0E | D121: 18.5096769,73.8328109 | E121: K0E17 | F121: 18.5116669,73.836292 | G121: Airtel | H121: Prabhat Rd 2 | I121: Pune | J121: M&G | K121: Maharashtra | L121: K0E | M121: K0E | N121: 45046 | O121: 179 | P121: 45046 | Q121: 45145 | R121: 45107 | U121: Fresh | V121: 24F | W121: 179 | X121: 179 | Z121: BAL-ANG-UASL-ROM-Maharashtra/PUR/10001850 | AA121: 150000 | AB121: 44918 | AC121: 30.5 | AE121: 179 | AF121: ADSS | AG121: 24F | AH121: 29.43 | AI121: =IF(AE121<>"",AH121*AE121,0) -> 5267.97 | AK121: Tirumala Enterprises | AL121: 179 | AM121: 30 | AN121: =IF(AL121<>"",AM121*AL121,0) -> 5370 | AQ121: =IF(AO121<>"",AP121*AO121,0) -> 0 | AR121: =AQ121+AN121 -> 5370 | AT121: ETIPL-PUR-ORD-23-06-00032 | AU121: 45082 | AV121: =AM121 -> 30 | AW121: =AV121*AL121 -> 5370 | AY121: TE/23-24/165 | AZ121: 45136 | BA121: =AM121 -> 30 | BB121: =AL121 -> 179 | BC121: =IF(BB121<>"",BB121*BA121,0) -> 5370 | BE121: R-6 | BF121: 000000K0E-0000K0E17 | BG121: NA | BH121: Completed | BI121: Completed | BJ121: New data for Sep-23 Audit
A122: =A121+1 -> 120 | B122: 000000K0E-0000K0E25 | C122: K0E | D122: 18.5096769,73.8328109 | E122: K0E25 | F122: 18.514188,73.8335771 | G122: Airtel | H122: Prabhat Rd 2 | I122: Pune | J122: M&G | K122: Maharashtra | L122: K0E | M122: K0E | N122: 45046 | O122: 804 | P122: 45046 | Q122: 45145 | R122: 45107 | U122: Fresh | V122: 24F | W122: 804 | X122: 804 | Z122: BAL-ANG-UASL-ROM-Maharashtra/PUR/10001850 | AA122: 150000 | AB122: 44918 | AC122: 30.5 | AE122: 804 | AF122: ADSS | AG122: 24F | AH122: 29.43 | AI122: =IF(AE122<>"",AH122*AE122,0) -> 23661.72 | AK122: Tirumala Enterprises | AL122: 804 | AM122: 30 | AN122: =IF(AL122<>"",AM122*AL122,0) -> 24120 | AQ122: =IF(AO122<>"",AP122*AO122,0) -> 0 | AR122: =AQ122+AN122 -> 24120 | AT122: ETIPL-PUR-ORD-23-06-00032 | AU122: 45082 | AV122: =AM122 -> 30 | AW122: =AV122*AL122 -> 24120 | AY122: TE/23-24/165 | AZ122: 45136 | BA122: =AM122 -> 30 | BB122: =AL122 -> 804 | BC122: =IF(BB122<>"",BB122*BA122,0) -> 24120 | BE122: R-7 | BF122: 000000K0E-0000K0E25 | BG122: NA | BH122: Completed | BI122: Completed | BJ122: New data for Sep-23 Audit
A123: =A122+1 -> 121 | B123: 000000K0E-0000K0E25 | C123: K0E | D123: 18.5096769,73.8328109 | E123: K0E25 | F123: 18.514188,73.8335771 | G123: Airtel | H123: Prabhat Rd 2 | I123: Pune | J123: M&G | K123: Maharashtra | L123: K0E | M123: K0E | N123: 45107 | O123: 233 | P123: 45107 | Q123: 45145 | R123: 45107 | U123: Fresh | V123: 24F | W123: 233 | X123: 233 | Z123: BAL-ANG-UASL-ROM-Maharashtra/PUR/10001850 | AA123: 150000 | AB123: 44918 | AC123: 30.5 | AE123: 233 | AF123: ADSS | AG123: 24F | AH123: 29.43 | AI123: =IF(AE123<>"",AH123*AE123,0) -> 6857.19 | AK123: Tirumala Enterprises | AL123: 233 | AM123: 30 | AN123: =IF(AL123<>"",AM123*AL123,0) -> 6990 | AQ123: =IF(AO123<>"",AP123*AO123,0) -> 0 | AR123: =AQ123+AN123 -> 6990 | AT123: ETIPL-PUR-ORD-23-06-00032 | AU123: 45082 | AV123: =AM123 -> 30 | AW123: =AV123*AL123 -> 6990 | AY123: TE/23-24/165 | AZ123: 45136 | BA123: =AM123 -> 30 | BB123: =AL123 -> 233 | BC123: =IF(BB123<>"",BB123*BA123,0) -> 6990 | BE123: R-7 | BF123: 000000K0E-0000K0E25 | BG123: NA | BH123: Completed | BI123: Completed | BJ123: New data for Sep-23 Audit
A124: =A123+1 -> 122 | B124: 000000K0E-0000K0E21 | C124: K0E | D124: 18.5096769,73.8328109 | E124: K0E21 | F124: 18.5135345,73.8353206 | G124: Airtel | H124: Prabhat Rd 2 | I124: Pune | J124: M&G | K124: Maharashtra | L124: K0E | M124: K0E | N124: 45046 | O124: 421 | P124: 45046 | Q124: 45145 | R124: 45107 | U124: Fresh | V124: 24F | W124: 421 | X124: 421 | Z124: BAL-ANG-UASL-ROM-Maharashtra/PUR/10001850 | AA124: 150000 | AB124: 44918 | AC124: 30.5 | AE124: 421 | AF124: ADSS | AG124: 24F | AH124: 29.43 | AI124: =IF(AE124<>"",AH124*AE124,0) -> 12390.03 | AK124: Tirumala Enterprises | AL124: 421 | AM124: 30 | AN124: =IF(AL124<>"",AM124*AL124,0) -> 12630 | AQ124: =IF(AO124<>"",AP124*AO124,0) -> 0 | AR124: =AQ124+AN124 -> 12630 | AT124: ETIPL-PUR-ORD-23-06-00032 | AU124: 45082 | AV124: =AM124 -> 30 | AW124: =AV124*AL124 -> 12630 | AY124: TE/23-24/165 | AZ124: 45136 | BA124: =AM124 -> 30 | BB124: =AL124 -> 421 | BC124: =IF(BB124<>"",BB124*BA124,0) -> 12630 | BE124: R-8 | BF124: 000000K0E-0000K0E21 | BG124: NA | BH124: Completed | BI124: Completed | BJ124: New data for Sep-23 Audit
A125: =A124+1 -> 123 | B125: 0000K0E01-K0E010108 | C125: K0E01 | D125: 18.5097769,73.8325109 | E125: K0E010108 | F125: 18.5098655,73.8320886 | G125: Airtel | H125: Prabhat Rd 1 | I125: Pune | J125: M&G | K125: Maharashtra | L125: K0E | M125: K0E | N125: 45046 | O125: 5 | P125: 45046 | Q125: 45145 | R125: 45107 | U125: Fresh | V125: 12F | W125: 5 | X125: 5 | Z125: BAL-ANG-UASL-ROM-Maharashtra/PUR/10001850 | AA125: 200000 | AB125: 44918 | AC125: 25.5 | AE125: 5 | AF125: ADSS | AG125: 12F | AH125: 12.718 | AI125: =IF(AE125<>"",AH125*AE125,0) -> 63.59 | AK125: Tirumala Enterprises | AL125: 5 | AM125: 30 | AN125: =IF(AL125<>"",AM125*AL125,0) -> 150 | AQ125: =IF(AO125<>"",AP125*AO125,0) -> 0 | AR125: =AQ125+AN125 -> 150 | AT125: ETIPL-PUR-ORD-23-06-00032 | AU125: 45082 | AV125: =AM125 -> 30 | AW125: =AV125*AL125 -> 150 | AY125: TE/23-24/165 | AZ125: 45136 | BA125: =AM125 -> 30 | BB125: =AL125 -> 5 | BC125: =IF(BB125<>"",BB125*BA125,0) -> 150 | BE125: R-9 | BF125: 0000K0E01-K0E010108 | BG125: NA | BH125: Completed | BI125: Completed | BJ125: New data for Sep-23 Audit
A126: =A125+1 -> 124 | B126: 0000K0E01-K0E010108 | C126: K0E01 | D126: 18.5097769,73.8325109 | E126: K0E010108 | F126: 18.5098655,73.8320886 | G126: Airtel | H126: Prabhat Rd 1 | I126: Pune | J126: M&G | K126: Maharashtra | L126: K0E | M126: K0E | N126: 45107 | O126: 106 | P126: 45107 | Q126: 45145 | R126: 45107 | U126: Fresh | V126: 12F | W126: 106 | X126: 106 | Z126: BAL-ANG-UASL-ROM-Maharashtra/PUR/10001850 | AA126: 200000 | AB126: 44918 | AC126: 25.5 | AE126: 106 | AF126: ADSS | AG126: 12F | AH126: 12.69477 | AI126: =IF(AE126<>"",AH126*AE126,0) -> 1345.6456 | AK126: Tirumala Enterprises | AL126: 106 | AM126: 30 | AN126: =IF(AL126<>"",AM126*AL126,0) -> 3180 | AQ126: =IF(AO126<>"",AP126*AO126,0) -> 0 | AR126: =AQ126+AN126 -> 3180 | AT126: ETIPL-PUR-ORD-23-06-00032 | AU126: 45082 | AV126: =AM126 -> 30 | AW126: =AV126*AL126 -> 3180 | AY126: TE/23-24/165 | AZ126: 45136 | BA126: =AM126 -> 30 | BB126: =AL126 -> 106 | BC126: =IF(BB126<>"",BB126*BA126,0) -> 3180 | BE126: R-9 | BF126: 0000K0E01-K0E010108 | BG126: NA | BH126: Completed | BI126: Completed | BJ126: New data for Sep-23 Audit
... A151: =A150+1 -> 149 | B151: 0000K0E09-K0E090101 | C151: K0E09 | D151: 18.5147688,73.8317052 | E151: K0E090101 | F151: 18.5147688,73.8317052 | G151: Airtel | H151: Prabhat Rd 1 | I151: Pune | J151: M&G | K151: Maharashtra | L151: K0E | M151: K0E | N151: 45046 | O151: 5 | P151: 45046 | Q151: 45145 | R151: 45107 | U151: Fresh | V151: 12F | W151: 5 | X151: 5 | Z151: BAL-ANG-UASL-ROM-Maharashtra/PUR/10001850 | AA151: 200000 | AB151: 44918 | AC151: 25.5 | AE151: 5 | AF151: ADSS | AG151: 12F | AH151: 12.718 | AI151: =IF(AE151<>"",AH151*AE151,0) -> 63.59 | AK151: Tirumala Enterprises | AL151: 5 | AM151: 30 | AN151: =IF(AL151<>"",AM151*AL151,0) -> 150 | AQ151: =IF(AO151<>"",AP151*AO151,0) -> 0 | AR151: =AQ151+AN151 -> 150 | AT151: ETIPL-PUR-ORD-23-06-00032 | AU151: 45082 | AV151: =AM151 -> 30 | AW151: =AV151*AL151 -> 150 | AY151: TE/23-24/165 | AZ151: 45136 | BA151: =AM151 -> 30 | BB151: =AL151 -> 5 | BC151: =IF(BB151<>"",BB151*BA151,0) -> 150 | BE151: R-31 | BF151: 0000K0E09-K0E090101 | BG151: NA | BH151: Completed | BI151: Completed | BJ151: New data for Sep-23 Audit
A152: =A151+1 -> 150 | B152: 0000K0E09-K0E090107 | C152: K0E09 | D152: 18.5147688,73.8317052 | E152: K0E090107 | F152: 18.5150652,73.8324455 | G152: Airtel | H152: Prabhat Rd 1 | I152: Pune | J152: M&G | K152: Maharashtra | L152: K0E | M152: K0E | N152: 45046 | O152: 286 | P152: 45046 | Q152: 45145 | R152: 45107 | U152: Fresh | V152: 12F | W152: 286 | X152: 286 | Z152: BAL-ANG-UASL-ROM-Maharashtra/PUR/10001850 | AA152: 200000 | AB152: 44918 | AC152: 25.5 | AE152: 286 | AF152: ADSS | AG152: 12F | AH152: 12.718 | AI152: =IF(AE152<>"",AH152*AE152,0) -> 3637.348 | AK152: Tirumala Enterprises | AL152: 286 | AM152: 30 | AN152: =IF(AL152<>"",AM152*AL152,0) -> 8580 | AQ152: =IF(AO152<>"",AP152*AO152,0) -> 0 | AR152: =AQ152+AN152 -> 8580 | AT152: ETIPL-PUR-ORD-23-01-00073 | AU152: 44949 | AV152: =AM152 -> 30 | AW152: =AV152*AL152 -> 8580 | AY152: 1443 | AZ152: 44972 | BA152: =AM152 -> 30 | BB152: =AL152 -> 286 | BC152: =IF(BB152<>"",BB152*BA152,0) -> 8580 | BE152: R-32 | BF152: 0000K0E09-K0E090107 | BG152: NA | BH152: Completed | BI152: Completed | BJ152: New data for Sep-23 Audit
A153: =A152+1 -> 151 | B153: 0000K0E09-K0E090107 | C153: K0E09 | D153: 18.5147688,73.8317052 | E153: K0E090107 | F153: 18.5150652,73.8324455 | G153: Airtel | H153: Prabhat Rd 1 | I153: Pune | J153: M&G | K153: Maharashtra | L153: K0E | M153: K0E | N153: 45107 | O153: 318 | P153: 45107 | Q153: 45145 | R153: 45107 | U153: Fresh | V153: 12F | W153: 318 | X153: 318 | Z153: BAL-ANG-UASL-ROM-Maharashtra/PUR/10001850 | AA153: 200000 | AB153: 44918 | AC153: 25.5 | AE153: 318 | AF153: ADSS | AG153: 12F | AH153: 12.69477 | AI153: =IF(AE153<>"",AH153*AE153,0) -> 4036.9369 | AK153: Tirumala Enterprises | AL153: 318 | AM153: 30 | AN153: =IF(AL153<>"",AM153*AL153,0) -> 9540 | AQ153: =IF(AO153<>"",AP153*AO153,0) -> 0 | AR153: =AQ153+AN153 -> 9540 | AT153: ETIPL-PUR-ORD-23-01-00073 | AU153: 44949 | AV153: =AM153 -> 30 | AW153: =AV153*AL153 -> 9540 | AY153: 1443 | AZ153: 44972 | BA153: =AM153 -> 30 | BB153: =AL153 -> 318 | BC153: =IF(BB153<>"",BB153*BA153,0) -> 9540 | BE153: R-32 | BF153: 0000K0E09-K0E090107 | BG153: NA | BH153: Completed | BI153: Completed | BJ153: New data for Sep-23 Audit
A154: =A153+1 -> 152 | B154: 0000K0E09-K0E090104 | C154: K0E09 | D154: 18.5147688,73.8317052 | E154: K0E090104 | F154: 18.5138701,73.8319647 | G154: Airtel | H154: Prabhat Rd 1 | I154: Pune | J154: M&G | K154: Maharashtra | L154: K0E | M154: K0E | N154: 45046 | O154: 164 | P154: 45046 | Q154: 45145 | R154: 45107 | U154: Fresh | V154: 12F | W154: 164 | X154: 164 | Z154: BAL-ANG-UASL-ROM-Maharashtra/PUR/10001850 | AA154: 200000 | AB154: 44918 | AC154: 25.5 | AE154: 164 | AF154: ADSS | AG154: 12F | AH154: 12.718 | AI154: =IF(AE154<>"",AH154*AE154,0) -> 2085.752 | AK154: Tirumala Enterprises | AL154: 164 | AM154: 30 | AN154: =IF(AL154<>"",AM154*AL154,0) -> 4920 | AQ154: =IF(AO154<>"",AP154*AO154,0) -> 0 | AR154: =AQ154+AN154 -> 4920 | AT154: ETIPL-PUR-ORD-23-01-00073 | AU154: 44949 | AV154: =AM154 -> 30 | AW154: =AV154*AL154 -> 4920 | AY154: 1443 | AZ154: 44972 | BA154: =AM154 -> 30 | BB154: =AL154 -> 164 | BC154: =IF(BB154<>"",BB154*BA154,0) -> 4920 | BE154: R-33 | BF154: 0000K0E09-K0E090104 | BG154: NA | BH154: Completed | BI154: Completed | BJ154: New data for Sep-23 Audit
A155: =A154+1 -> 153 | B155: K0E090103-K0E090108 | C155: K0E090103 | D155: 18.5144141,73.8319197 | E155: K0E090108 | F155: 18.5142714,73.8318743 | G155: Airtel | H155: Prabhat Rd 1 | I155: Pune | J155: M&G | K155: Maharashtra | L155: K0E | M155: K0E | N155: 45107 | O155: 71 | P155: 45107 | Q155: 45145 | R155: 45107 | U155: Fresh | V155: 12F | W155: 71 | X155: 71 | Z155: BAL-ANG-UASL-ROM-Maharashtra/PUR/10001850 | AA155: 200000 | AB155: 44918 | AC155: 25.5 | AE155: 71 | AF155: ADSS | AG155: 12F | AH155: 12.69477 | AI155: =IF(AE155<>"",AH155*AE155,0) -> 901.32867 | AK155: Tirumala Enterprises | AL155: 71 | AM155: 30 | AN155: =IF(AL155<>"",AM155*AL155,0) -> 2130 | AQ155: =IF(AO155<>"",AP155*AO155,0) -> 0 | AR155: =AQ155+AN155 -> 2130 | AT155: ETIPL-PUR-ORD-23-01-00073 | AU155: 44949 | AV155: =AM155 -> 30 | AW155: =AV155*AL155 -> 2130 | AY155: 1443 | AZ155: 44972 | BA155: =AM155 -> 30 | BB155: =AL155 -> 71 | BC155: =IF(BB155<>"",BB155*BA155,0) -> 2130 | BE155: R-34 | BF155: K0E090103-K0E090108 | BG155: NA | BH155: Completed | BI155: Completed | BJ155: New data for Sep-23 Audit
A156: =A155+1 -> 154 | B156: 0000K0E14-K0E140105 | C156: K0E14 | D156: 18.510312,73.8329411 | E156: K0E140105 | F156: 18.510183,73.8325666 | G156: Airtel | H156: Prabhat Rd 1 | I156: Pune | J156: M&G | K156: Maharashtra | L156: K0E | M156: K0E | N156: 45046 | O156: 263 | P156: 45046 | Q156: 45145 | R156: 45107 | U156: Fresh | V156: 12F | W156: 263 | X156: 263 | Z156: BAL-ANG-UASL-ROM-Maharashtra/PUR/10001850 | AA156: 200000 | AB156: 44918 | AC156: 25.5 | AE156: 263 | AF156: ADSS | AG156: 12F | AH156: 12.718 | AI156: =IF(AE156<>"",AH156*AE156,0) -> 3344.834 | AK156: Tirumala Enterprises | AL156: 263 | AM156: 30 | AN156: =IF(AL156<>"",AM156*AL156,0) -> 7890 | AQ156: =IF(AO156<>"",AP156*AO156,0) -> 0 | AR156: =AQ156+AN156 -> 7890 | AT156: ETIPL-PUR-ORD-23-01-00073 | AU156: 44949 | AV156: =AM156 -> 30 | AW156: =AV156*AL156 -> 7890 | AY156: 1443 | AZ156: 44972 | BA156: =AM156 -> 30 | BB156: =AL156 -> 263 | BC156: =IF(BB156<>"",BB156*BA156,0) -> 7890 | BE156: R-35 | BF156: 0000K0E14-K0E140105 | BG156: NA | BH156: Completed | BI156: Completed | BJ156: New data for Sep-23 Audit
A157: =A156+1 -> 155 | B157: 0000K0E14-K0E140103 | C157: K0E14 | D157: 18.510312,73.8329411 | E157: K0E140103 | F157: 18.5103615,73.8338509 | G157: Airtel | H157: Prabhat Rd 1 | I157: Pune | J157: M&G | K157: Maharashtra | L157: K0E | M157: K0E | N157: 45046 | O157: 294 | P157: 45046 | Q157: 45145 | R157: 45107 | U157: Fresh | V157: 12F | W157: 294 | X157: 294 | Z157: BAL-ANG-UASL-ROM-Maharashtra/PUR/10001850 | AA157: 200000 | AB157: 44918 | AC157: 25.5 | AE157: 294 | AF157: ADSS | AG157: 12F | AH157: 12.718 | AI157: =IF(AE157<>"",AH157*AE157,0) -> 3739.092 | AK157: Tirumala Enterprises | AL157: 294 | AM157: 30 | AN157: =IF(AL157<>"",AM157*AL157,0) -> 8820 | AQ157: =IF(AO157<>"",AP157*AO157,0) -> 0 | AR157: =AQ157+AN157 -> 8820 | AT157: ETIPL-PUR-ORD-23-01-00073 | AU157: 44949 | AV157: =AM157 -> 30 | AW157: =AV157*AL157 -> 8820 | AY157: 1443 | AZ157: 44972 | BA157: =AM157 -> 30 | BB157: =AL157 -> 294 | BC157: =IF(BB157<>"",BB157*BA157,0) -> 8820 | BE157: R-36 | BF157: 0000K0E14-K0E140103 | BG157: NA | BH157: Completed | BI157: Completed | BJ157: New data for Sep-23 Audit
A158: =A157+1 -> 156 | B158: K0E140104-K0E140106 | C158: K0E140104 | D158: 18.5102052,73.8328334 | E158: K0E140106 | F158: 18.510183,73.8325666 | G158: Airtel | H158: Prabhat Rd 1 | I158: Pune | J158: M&G | K158: Maharashtra | L158: K0E | M158: K0E | N158: 45046 | O158: 173 | P158: 45046 | Q158: 45145 | R158: 45107 | U158: Fresh | V158: 12F | W158: 173 | X158: 173 | Z158: BAL-ANG-UASL-ROM-Maharashtra/PUR/10001850 | AA158: 200000 | AB158: 44918 | AC158: 25.5 | AE158: 173 | AF158: ADSS | AG158: 12F | AH158: 12.718 | AI158: =IF(AE158<>"",AH158*AE158,0) -> 2200.214 | AK158: Tirumala Enterprises | AL158: 173 | AM158: 30 | AN158: =IF(AL158<>"",AM158*AL158,0) -> 5190 | AQ158: =IF(AO158<>"",AP158*AO158,0) -> 0 | AR158: =AQ158+AN158 -> 5190 | AT158: ETIPL-PUR-ORD-23-01-00073 | AU158: 44949 | AV158: =AM158 -> 30 | AW158: =AV158*AL158 -> 5190 | AY158: 1443 | AZ158: 44972 | BA158: =AM158 -> 30 | BB158: =AL158 -> 173 | BC158: =IF(BB158<>"",BB158*BA158,0) -> 5190 | BE158: R-37 | BF158: K0E140104-K0E140106 | BG158: NA | BH158: Completed | BI158: Completed | BJ158: New data for Sep-23 Audit
A159: =A158+1 -> 157 | B159: 0000K0E14-K0E140108 | C159: K0E14 | D159: 18.510312,73.8329411 | E159: K0E140108 | F159: 18.5104453,73.8320766 | G159: Airtel | H159: Prabhat Rd 1 | I159: Pune | J159: M&G | K159: Maharashtra | L159: K0E | M159: K0E | N159: 45046 | O159: 128 | P159: 45046 | Q159: 45145 | R159: 45107 | U159: Fresh | V159: 12F | W159: 128 | X159: 128 | Z159: BAL-ANG-UASL-ROM-Maharashtra/PUR/10001850 | AA159: 200000 | AB159: 44918 | AC159: 25.5 | AE159: 128 | AF159: ADSS | AG159: 12F | AH159: 12.718 | AI159: =IF(AE159<>"",AH159*AE159,0) -> 1627.904 | AK159: Tirumala Enterprises | AL159: 128 | AM159: 30 | AN159: =IF(AL159<>"",AM159*AL159,0) -> 3840 | AQ159: =IF(AO159<>"",AP159*AO159,0) -> 0 | AR159: =AQ159+AN159 -> 3840 | AT159: ETIPL-PUR-ORD-23-01-00073 | AU159: 44949 | AV159: =AM159 -> 30 | AW159: =AV159*AL159 -> 3840 | AY159: 1443 | AZ159: 44972 | BA159: =AM159 -> 30 | BB159: =AL159 -> 128 | BC159: =IF(BB159<>"",BB159*BA159,0) -> 3840 | BE159: R-38 | BF159: 0000K0E14-K0E140108 | BG159: NA | BH159: Completed | BI159: Completed | BJ159: New data for Sep-23 Audit
A160: =A159+1 -> 158 | B160: 0000K0E14-K0E140108 | C160: K0E14 | D160: 18.510312,73.8329411 | E160: K0E140108 | F160: 18.5104453,73.8320766 | G160: Airtel | H160: Prabhat Rd 1 | I160: Pune | J160: M&G | K160: Maharashtra | L160: K0E | M160: K0E | N160: 45107 | O160: 114 | P160: 45107 | Q160: 45145 | R160: 45107 | U160: Fresh | V160: 12F | W160: 114 | X160: 114 | Z160: BAL-ANG-UASL-ROM-Maharashtra/PUR/10001850 | AA160: 200000 | AB160: 44918 | AC160: 25.5 | AE160: 114 | AF160: ADSS | AG160: 12F | AH160: 12.69477 | AI160: =IF(AE160<>"",AH160*AE160,0) -> 1447.2038 | AK160: Tirumala Enterprises | AL160: 114 | AM160: 30 | AN160: =IF(AL160<>"",AM160*AL160,0) -> 3420 | AQ160: =IF(AO160<>"",AP160*AO160,0) -> 0 | AR160: =AQ160+AN160 -> 3420 | AT160: ETIPL-PUR-ORD-23-01-00073 | AU160: 44949 | AV160: =AM160 -> 30 | AW160: =AV160*AL160 -> 3420 | AY160: 1443 | AZ160: 44972 | BA160: =AM160 -> 30 | BB160: =AL160 -> 114 | BC160: =IF(BB160<>"",BB160*BA160,0) -> 3420 | BE160: R-38 | BF160: 0000K0E14-K0E140108 | BG160: NA | BH160: Completed | BI160: Completed | BJ160: New data for Sep-23 Audit
A161: =A160+1 -> 159 | B161: 0000K0E13-K0E130105 | C161: K0E13 | D161: 18.5107298,73.832166 | E161: K0E130105 | F161: 18.5103716,73.832537 | G161: Airtel | H161: Prabhat Rd 1 | I161: Pune | J161: M&G | K161: Maharashtra | L161: K0E | M161: K0E | N161: 45046 | O161: 202 | P161: 45046 | Q161: 45145 | R161: 45107 | U161: Fresh | V161: 12F | W161: 202 | X161: 202 | Z161: BAL-ANG-UASL-ROM-Maharashtra/PUR/10001850 | AA161: 200000 | AB161: 44918 | AC161: 25.5 | AE161: 202 | AF161: ADSS | AG161: 12F | AH161: 12.718 | AI161: =IF(AE161<>"",AH161*AE161,0) -> 2569.036 | AK161: Tirumala Enterprises | AL161: 202 | AM161: 30 | AN161: =IF(AL161<>"",AM161*AL161,0) -> 6060 | AQ161: =IF(AO161<>"",AP161*AO161,0) -> 0 | AR161: =AQ161+AN161 -> 6060 | AT161: ETIPL-PUR-ORD-23-01-00073 | AU161: 44949 | AV161: =AM161 -> 30 | AW161: =AV161*AL161 -> 6060 | AY161: 1443 | AZ161: 44972 | BA161: =AM161 -> 30 | BB161: =AL161 -> 202 | BC161: =IF(BB161<>"",BB161*BA161,0) -> 6060 | BE161: R-39 | BF161: 0000K0E13-K0E130105 | BG161: NA | BH161: Completed | BI161: Completed | BJ161: New data for Sep-23 Audit
A162: =A161+1 -> 160 | B162: 0000K0E13-K0E130106 | C162: K0E13 | D162: 18.5107298,73.832166 | E162: K0E130106 | F162: 18.5106811,73.8323411 | G162: Airtel | H162: Prabhat Rd 1 | I162: Pune | J162: M&G | K162: Maharashtra | L162: K0E | M162: K0E | N162: 45046 | O162: 259 | P162: 45046 | Q162: 45145 | R162: 45107 | U162: Fresh | V162: 12F | W162: 259 | X162: 259 | Z162: BAL-ANG-UASL-ROM-Maharashtra/PUR/10001850 | AA162: 200000 | AB162: 44918 | AC162: 25.5 | AE162: 259 | AF162: ADSS | AG162: 12F | AH162: 12.718 | AI162: =IF(AE162<>"",AH162*AE162,0) -> 3293.962 | AK162: Tirumala Enterprises | AL162: 259 | AM162: 30 | AN162: =IF(AL162<>"",AM162*AL162,0) -> 7770 | AQ162: =IF(AO162<>"",AP162*AO162,0) -> 0 | AR162: =AQ162+AN162 -> 7770 | AT162: ETIPL-PUR-ORD-23-01-00073 | AU162: 44949 | AV162: =AM162 -> 30 | AW162: =AV162*AL162 -> 7770 | AY162: 1443 | AZ162: 44972 | BA162: =AM162 -> 30 | BB162: =AL162 -> 259 | BC162: =IF(BB162<>"",BB162*BA162,0) -> 7770 | BE162: R-40 | BF162: 0000K0E13-K0E130106 | BG162: NA | BH162: Completed | BI162: Completed | BJ162: New data for Sep-23 Audit
A163: =A162+1 -> 161 | B163: 0000K0E13-K0E130103 | C163: K0E13 | D163: 18.5107298,73.832166 | E163: K0E130103 | F163: 18.511381,73.8333375 | G163: Airtel | H163: Prabhat Rd 1 | I163: Pune | J163: M&G | K163: Maharashtra | L163: K0E | M163: K0E | N163: 45046 | O163: 292 | P163: 45046 | Q163: 45145 | R163: 45107 | U163: Fresh | V163: 12F | W163: 292 | X163: 292 | Z163: BAL-ANG-UASL-ROM-Maharashtra/PUR/10001850 | AA163: 200000 | AB163: 44918 | AC163: 25.5 | AE163: 292 | AF163: ADSS | AG163: 12F | AH163: 12.718 | AI163: =IF(AE163<>"",AH163*AE163,0) -> 3713.656 | AK163: Tirumala Enterprises | AL163: 292 | AM163: 30 | AN163: =IF(AL163<>"",AM163*AL163,0) -> 8760 | AQ163: =IF(AO163<>"",AP163*AO163,0) -> 0 | AR163: =AQ163+AN163 -> 8760 | AT163: ETIPL-PUR-ORD-23-01-00073 | AU163: 44949 | AV163: =AM163 -> 30 | AW163: =AV163*AL163 -> 8760 | AY163: 1443 | AZ163: 44972 | BA163: =AM163 -> 30 | BB163: =AL163 -> 292 | BC163: =IF(BB163<>"",BB163*BA163,0) -> 8760 | BE163: R-41 | BF163: 0000K0E13-K0E130103 | BG163: NA | BH163: Completed | BI163: Completed | BJ163: New data for Sep-23 Audit
... A207: =A206+1 -> 205 | B207: 0000K0E24-K0E240103 | C207: K0E24 | D207: 18.5133786,73.8339518 | E207: K0E240103 | F207: 18.5131224,73.8347809 | G207: Airtel | H207: Prabhat Rd 2 | I207: Pune | J207: M&G | K207: Maharashtra | L207: K0E | M207: K0E | N207: 45107 | O207: 254 | P207: 45107 | Q207: 45145 | R207: 45107 | U207: Fresh | V207: 12F | W207: 254 | X207: 254 | Z207: BAL-ANG-UASL-ROM-Maharashtra/PUR/10001850 | AA207: 200000 | AB207: 44918 | AC207: 25.5 | AE207: 254 | AF207: ADSS | AG207: 12F | AH207: 15.353 | AI207: =IF(AE207<>"",AH207*AE207,0) -> 3899.662 | AK207: Tirumala Enterprises | AL207: 254 | AM207: 30 | AN207: =IF(AL207<>"",AM207*AL207,0) -> 7620 | AQ207: =IF(AO207<>"",AP207*AO207,0) -> 0 | AR207: =AQ207+AN207 -> 7620 | AT207: ETIPL-PUR-ORD-23-01-00073 | AU207: 44949 | AV207: =AM207 -> 30 | AW207: =AV207*AL207 -> 7620 | AY207: 1443 | AZ207: 44972 | BA207: =AM207 -> 30 | BB207: =AL207 -> 254 | BC207: =IF(BB207<>"",BB207*BA207,0) -> 7620 | BE207: R-81 | BF207: 0000K0E24-K0E240103 | BG207: NA | BH207: Completed | BI207: Completed | BJ207: New data for Sep-23 Audit
A208: =A207+1 -> 206 | B208: K0E240102-K0E240108 | C208: K0E240102 | D208: 18.512901,73.8338541 | E208: K0E240108 | F208: 18.5127906,73.8345688 | G208: Airtel | H208: Prabhat Rd 2 | I208: Pune | J208: M&G | K208: Maharashtra | L208: K0E | M208: K0E | N208: 45107 | O208: 162 | P208: 45107 | Q208: 45145 | R208: 45107 | U208: Fresh | V208: 12F | W208: 162 | X208: 162 | Z208: BAL-ANG-UASL-ROM-Maharashtra/PUR/10001850 | AA208: 200000 | AB208: 44918 | AC208: 25.5 | AE208: 162 | AF208: ADSS | AG208: 12F | AH208: 15.353 | AI208: =IF(AE208<>"",AH208*AE208,0) -> 2487.186 | AK208: Tirumala Enterprises | AL208: 162 | AM208: 30 | AN208: =IF(AL208<>"",AM208*AL208,0) -> 4860 | AQ208: =IF(AO208<>"",AP208*AO208,0) -> 0 | AR208: =AQ208+AN208 -> 4860 | AT208: ETIPL-PUR-ORD-23-06-00032 | AU208: 45082 | AV208: =AM208 -> 30 | AW208: =AV208*AL208 -> 4860 | AY208: Inovice will not be raised | BA208: =AM208 -> 30 | BB208: =AL208 -> 162 | BC208: =IF(BB208<>"",BB208*BA208,0) -> 4860 | BE208: R-82 | BF208: K0E240102-K0E240108 | BG208: NA | BH208: Completed | BI208: Completed | BJ208: New data for Sep-23 Audit | BK208: Fat box removed after RFS / signoff due to permission issue.
A209: =A208+1 -> 207 | B209: 0000K0E25-K0E250106 | C209: K0E25 | D209: 18.514188,73.8335771 | E209: K0E250106 | F209: 18.5142553,73.8335922 | G209: Airtel | H209: Prabhat Rd 2 | I209: Pune | J209: M&G | K209: Maharashtra | L209: K0E | M209: K0E | N209: 45107 | O209: 135 | P209: 45107 | Q209: 45145 | R209: 45107 | U209: Fresh | V209: 12F | W209: 135 | X209: 135 | Z209: BAL-ANG-UASL-ROM-Maharashtra/PUR/10001850 | AA209: 200000 | AB209: 44918 | AC209: 25.5 | AE209: 135 | AF209: ADSS | AG209: 12F | AH209: 15.353 | AI209: =IF(AE209<>"",AH209*AE209,0) -> 2072.655 | AK209: Tirumala Enterprises | AL209: 135 | AM209: 30 | AN209: =IF(AL209<>"",AM209*AL209,0) -> 4050 | AQ209: =IF(AO209<>"",AP209*AO209,0) -> 0 | AR209: =AQ209+AN209 -> 4050 | AT209: ETIPL-PUR-ORD-23-01-00073 | AU209: 44949 | AV209: =AM209 -> 30 | AW209: =AV209*AL209 -> 4050 | AY209: 1443 | AZ209: 44972 | BA209: =AM209 -> 30 | BB209: =AL209 -> 135 | BC209: =IF(BB209<>"",BB209*BA209,0) -> 4050 | BE209: R-83 | BF209: 0000K0E25-K0E250106 | BG209: NA | BH209: Completed | BI209: Completed | BJ209: New data for Sep-23 Audit
A210: =A209+1 -> 208 | B210: 0000K0E25-K0E250108 | C210: K0E25 | D210: 18.514188,73.8335771 | E210: K0E250108 | F210: 18.513489,73.8328378 | G210: Airtel | H210: Prabhat Rd 2 | I210: Pune | J210: M&G | K210: Maharashtra | L210: K0E | M210: K0E | N210: 45107 | O210: 288 | P210: 45107 | Q210: 45145 | R210: 45107 | U210: Fresh | V210: 12F | W210: 288 | X210: 288 | Z210: BAL-ANG-UASL-ROM-Maharashtra/PUR/10001850 | AA210: 200000 | AB210: 44918 | AC210: 25.5 | AE210: 288 | AF210: ADSS | AG210: 12F | AH210: 12.5 | AI210: =IF(AE210<>"",AH210*AE210,0) -> 3600 | AK210: Tirumala Enterprises | AL210: 288 | AM210: 30 | AN210: =IF(AL210<>"",AM210*AL210,0) -> 8640 | AQ210: =IF(AO210<>"",AP210*AO210,0) -> 0 | AR210: =AQ210+AN210 -> 8640 | AT210: ETIPL-PUR-ORD-23-01-00073 | AU210: 44949 | AV210: =AM210 -> 30 | AW210: =AV210*AL210 -> 8640 | AY210: 1443 | AZ210: 44972 | BA210: =AM210 -> 30 | BB210: =AL210 -> 288 | BC210: =IF(BB210<>"",BB210*BA210,0) -> 8640 | BE210: R-84 | BF210: 0000K0E25-K0E250108 | BG210: NA | BH210: Completed | BI210: Completed | BJ210: New data for Sep-23 Audit
A211: =A210+1 -> 209 | B211: 0000K0E25-K0E250101 | C211: K0E25 | D211: 18.514188,73.8335771 | E211: K0E250101 | F211: 18.514188,73.8335771 | G211: Airtel | H211: Prabhat Rd 2 | I211: Pune | J211: M&G | K211: Maharashtra | L211: K0E | M211: K0E | N211: 45107 | O211: 5 | P211: 45107 | Q211: 45145 | R211: 45107 | U211: Fresh | V211: 12F | W211: 5 | X211: 5 | Z211: BAL-ANG-UASL-ROM-Maharashtra/PUR/10001850 | AA211: 200000 | AB211: 44918 | AC211: 25.5 | AE211: 5 | AF211: ADSS | AG211: 12F | AH211: 12.5 | AI211: =IF(AE211<>"",AH211*AE211,0) -> 62.5 | AK211: Tirumala Enterprises | AL211: 5 | AM211: 30 | AN211: =IF(AL211<>"",AM211*AL211,0) -> 150 | AQ211: =IF(AO211<>"",AP211*AO211,0) -> 0 | AR211: =AQ211+AN211 -> 150 | AT211: ETIPL-PUR-ORD-23-01-00073 | AU211: 44949 | AV211: =AM211 -> 30 | AW211: =AV211*AL211 -> 150 | AY211: 1443 | AZ211: 44972 | BA211: =AM211 -> 30 | BB211: =AL211 -> 5 | BC211: =IF(BB211<>"",BB211*BA211,0) -> 150 | BE211: R-85 | BF211: 0000K0E25-K0E250101 | BG211: NA | BH211: Completed | BI211: Completed | BJ211: New data for Sep-23 Audit
A212: =A211+1 -> 210 | B212: 0000K0E25-K0E250103 | C212: K0E25 | D212: 18.514188,73.8335771 | E212: K0E250103 | F212: 18.5138021,73.8337168 | G212: Airtel | H212: Prabhat Rd 2 | I212: Pune | J212: M&G | K212: Maharashtra | L212: K0E | M212: K0E | N212: 45107 | O212: 138 | P212: 45107 | Q212: 45145 | R212: 45107 | U212: Fresh | V212: 12F | W212: 138 | X212: 138 | Z212: BAL-ANG-UASL-ROM-Maharashtra/PUR/10001850 | AA212: 200000 | AB212: 44918 | AC212: 25.5 | AE212: 138 | AF212: ADSS | AG212: 12F | AH212: 12.5 | AI212: =IF(AE212<>"",AH212*AE212,0) -> 1725 | AK212: Tirumala Enterprises | AL212: 138 | AM212: 30 | AN212: =IF(AL212<>"",AM212*AL212,0) -> 4140 | AQ212: =IF(AO212<>"",AP212*AO212,0) -> 0 | AR212: =AQ212+AN212 -> 4140 | AT212: ETIPL-PUR-ORD-23-01-00073 | AU212: 44949 | AV212: =AM212 -> 30 | AW212: =AV212*AL212 -> 4140 | AY212: 1443 | AZ212: 44972 | BA212: =AM212 -> 30 | BB212: =AL212 -> 138 | BC212: =IF(BB212<>"",BB212*BA212,0) -> 4140 | BE212: R-86 | BF212: 0000K0E25-K0E250103 | BG212: NA | BH212: Completed | BI212: Completed | BJ212: New data for Sep-23 Audit
A213: =A212+1 -> 211 | B213: 000DCLM0T-0000M0T03 | C213: M0T | D213: 18.66159,73.79450 | E213: M0T03 | F213: 18.6631932,73.7969824 | G213: Airtel | H213: Sambhajinagar | I213: Pune | J213: M&G | K213: Maharashtra | L213: M0T | M213: M0T | N213: 44946 | O213: 845 | P213: 44946 | Q213: 45150 | R213: 44946 | U213: Fresh | V213: 12F | W213: 845 | X213: 845 | Z213: BAL-ANG-UASL-ROM-Maharashtra/PUR/10001850 | AA213: 200000 | AB213: 44918 | AC213: 25.5 | AE213: 845 | AF213: ADSS | AG213: 12F | AH213: 12.718 | AI213: =IF(AE213<>"",AH213*AE213,0) -> 10746.71 | AK213: Tirumala Enterprises | AL213: 845 | AM213: 30 | AN213: =IF(AL213<>"",AM213*AL213,0) -> 25350 | AQ213: =IF(AO213<>"",AP213*AO213,0) -> 0 | AR213: =AQ213+AN213 -> 25350 | AT213: ETIPL-PUR-ORD-23-01-00073 | AU213: 44949 | AV213: =AM213 -> 30 | AW213: =AV213*AL213 -> 25350 | AY213: 1443 | AZ213: 44972 | BA213: =AM213 -> 30 | BB213: =AL213 -> 845 | BC213: =IF(BB213<>"",BB213*BA213,0) -> 25350 | BE213: R-1 | BF213: 000DCLM0T-0000M0T03 | BG213: NA | BH213: Completed | BI213: Completed | BJ213: New data for Sep-23 Audit
A214: =A213+1 -> 212 | B214: 000DCLM0T-0000M0T06 | C214: M0T | D214: 18.66159,73.79450 | E214: M0T06 | F214: 18.6624067,73.7969301 | G214: Airtel | H214: Sambhajinagar | I214: Pune | J214: M&G | K214: Maharashtra | L214: M0T | M214: M0T | N214: 44946 | O214: 732 | P214: 44946 | Q214: 45150 | R214: 44946 | U214: Fresh | V214: 12F | W214: 732 | X214: 732 | Z214: BAL-ANG-UASL-ROM-Maharashtra/PUR/10001850 | AA214: 200000 | AB214: 44918 | AC214: 25.5 | AE214: 732 | AF214: ADSS | AG214: 12F | AH214: 12.718 | AI214: =IF(AE214<>"",AH214*AE214,0) -> 9309.576 | AK214: Tirumala Enterprises | AL214: 732 | AM214: 30 | AN214: =IF(AL214<>"",AM214*AL214,0) -> 21960 | AQ214: =IF(AO214<>"",AP214*AO214,0) -> 0 | AR214: =AQ214+AN214 -> 21960 | AT214: ETIPL-PUR-ORD-23-01-00073 | AU214: 44949 | AV214: =AM214 -> 30 | AW214: =AV214*AL214 -> 21960 | AY214: 1443 | AZ214: 44972 | BA214: =AM214 -> 30 | BB214: =AL214 -> 732 | BC214: =IF(BB214<>"",BB214*BA214,0) -> 21960 | BE214: R-2 | BF214: 000DCLM0T-0000M0T06 | BG214: NA | BH214: Completed | BI214: Completed | BJ214: New data for Sep-23 Audit
A215: =A214+1 -> 213 | B215: 000DCLM0T-0000M0T08 | C215: M0T | D215: 18.66159,73.79450 | E215: M0T08 | F215: 18.6614127,73.7978481 | G215: Airtel | H215: Sambhajinagar | I215: Pune | J215: M&G | K215: Maharashtra | L215: M0T | M215: M0T | N215: 44946 | O215: 793 | P215: 44946 | Q215: 45150 | R215: 44946 | U215: Fresh | V215: 12F | W215: 793 | X215: 793 | Z215: BAL-ANG-UASL-ROM-Maharashtra/PUR/10001850 | AA215: 200000 | AB215: 44918 | AC215: 25.5 | AE215: 793 | AF215: ADSS | AG215: 12F | AH215: 12.718 | AI215: =IF(AE215<>"",AH215*AE215,0) -> 10085.374 | AK215: Tirumala Enterprises | AL215: 793 | AM215: 30 | AN215: =IF(AL215<>"",AM215*AL215,0) -> 23790 | AQ215: =IF(AO215<>"",AP215*AO215,0) -> 0 | AR215: =AQ215+AN215 -> 23790 | AT215: ETIPL-PUR-ORD-23-01-00073 | AU215: 44949 | AV215: =AM215 -> 30 | AW215: =AV215*AL215 -> 23790 | AY215: 1443 | AZ215: 44972 | BA215: =AM215 -> 30 | BB215: =AL215 -> 793 | BC215: =IF(BB215<>"",BB215*BA215,0) -> 23790 | BE215: R-3 | BF215: 000DCLM0T-0000M0T08 | BG215: NA | BH215: Completed | BI215: Completed | BJ215: New data for Sep-23 Audit
A216: =A215+1 -> 214 | B216: 0000M0T01-M0T010101 | C216: M0T01 | D216: 18.662733,73.7956451 | E216: M0T010101 | F216: 18.662733,73.7956451 | G216: Airtel | H216: Sambhajinagar | I216: Pune | J216: M&G | K216: Maharashtra | L216: M0T | M216: M0T | N216: 44946 | O216: 5 | P216: 44946 | Q216: 45150 | R216: 44946 | U216: Fresh | V216: 12F | W216: 5 | X216: 5 | Z216: BAL-ANG-UASL-ROM-Maharashtra/PUR/10001850 | AA216: 200000 | AB216: 44918 | AC216: 25.5 | AE216: 5 | AF216: ADSS | AG216: 12F | AH216: 12.718 | AI216: =IF(AE216<>"",AH216*AE216,0) -> 63.59 | AK216: Tirumala Enterprises | AL216: 5 | AM216: 30 | AN216: =IF(AL216<>"",AM216*AL216,0) -> 150 | AQ216: =IF(AO216<>"",AP216*AO216,0) -> 0 | AR216: =AQ216+AN216 -> 150 | AT216: ETIPL-PUR-ORD-23-01-00073 | AU216: 44949 | AV216: =AM216 -> 30 | AW216: =AV216*AL216 -> 150 | AY216: 1443 | AZ216: 44972 | BA216: =AM216 -> 30 | BB216: =AL216 -> 5 | BC216: =IF(BB216<>"",BB216*BA216,0) -> 150 | BE216: R-4 | BF216: 0000M0T01-M0T010101 | BG216: NA | BH216: Completed | BI216: Completed | BJ216: New data for Sep-23 Audit
A217: =A216+1 -> 215 | B217: 0000M0T01-M0T010102 | C217: M0T01 | D217: 18.662733,73.7956451 | E217: M0T010102 | F217: 18.6629479,73.7953484 | G217: Airtel | H217: Sambhajinagar | I217: Pune | J217: M&G | K217: Maharashtra | L217: M0T | M217: M0T | N217: 44946 | O217: 55 | P217: 44946 | Q217: 45150 | R217: 44946 | U217: Fresh | V217: 12F | W217: 55 | X217: 55 | Z217: BAL-ANG-UASL-ROM-Maharashtra/PUR/10001850 | AA217: 200000 | AB217: 44918 | AC217: 25.5 | AE217: 55 | AF217: ADSS | AG217: 12F | AH217: 12.718 | AI217: =IF(AE217<>"",AH217*AE217,0) -> 699.49 | AK217: Tirumala Enterprises | AL217: 55 | AM217: 30 | AN217: =IF(AL217<>"",AM217*AL217,0) -> 1650 | AQ217: =IF(AO217<>"",AP217*AO217,0) -> 0 | AR217: =AQ217+AN217 -> 1650 | AT217: ETIPL-PUR-ORD-23-01-00073 | AU217: 44949 | AV217: =AM217 -> 30 | AW217: =AV217*AL217 -> 1650 | AY217: 1443 | AZ217: 44972 | BA217: =AM217 -> 30 | BB217: =AL217 -> 55 | BC217: =IF(BB217<>"",BB217*BA217,0) -> 1650 | BE217: R-5 | BF217: 0000M0T01-M0T010102 | BG217: NA | BH217: Completed | BI217: Completed | BJ217: New data for Sep-23 Audit
A218: =A217+1 -> 216 | B218: 0000M0T01-M0T010108 | C218: M0T01 | D218: 18.662733,73.7956451 | E218: M0T010108 | F218: 18.6626575,73.7959367 | G218: Airtel | H218: Sambhajinagar | I218: Pune | J218: M&G | K218: Maharashtra | L218: M0T | M218: M0T | N218: 44946 | O218: 206 | P218: 44946 | Q218: 45150 | R218: 44946 | U218: Fresh | V218: 12F | W218: 206 | X218: 206 | Z218: BAL-ANG-UASL-ROM-Maharashtra/PUR/10001850 | AA218: 200000 | AB218: 44918 | AC218: 25.5 | AE218: 206 | AF218: ADSS | AG218: 12F | AH218: 12.718 | AI218: =IF(AE218<>"",AH218*AE218,0) -> 2619.908 | AK218: Tirumala Enterprises | AL218: 206 | AM218: 30 | AN218: =IF(AL218<>"",AM218*AL218,0) -> 6180 | AQ218: =IF(AO218<>"",AP218*AO218,0) -> 0 | AR218: =AQ218+AN218 -> 6180 | AT218: ETIPL-PUR-ORD-23-01-00073 | AU218: 44949 | AV218: =AM218 -> 30 | AW218: =AV218*AL218 -> 6180 | AY218: 1443 | AZ218: 44972 | BA218: =AM218 -> 30 | BB218: =AL218 -> 206 | BC218: =IF(BB218<>"",BB218*BA218,0) -> 6180 | BE218: R-6 | BF218: 0000M0T01-M0T010108 | BG218: NA | BH218: Completed | BI218: Completed | BJ218: New data for Sep-23 Audit
A219: =A218+1 -> 217 | B219: 0000M0T01-M0T010106 | C219: M0T01 | D219: 18.662733,73.7956451 | E219: M0T010106 | F219: 18.6628687,73.7952229 | G219: Airtel | H219: Sambhajinagar | I219: Pune | J219: M&G | K219: Maharashtra | L219: M0T | M219: M0T | N219: 44946 | O219: 116 | P219: 44946 | Q219: 45150 | R219: 44946 | U219: Fresh | V219: 12F | W219: 116 | X219: 116 | Z219: BAL-ANG-UASL-ROM-Maharashtra/PUR/10001850 | AA219: 200000 | AB219: 44918 | AC219: 25.5 | AE219: 116 | AF219: ADSS | AG219: 12F | AH219: 12.718 | AI219: =IF(AE219<>"",AH219*AE219,0) -> 1475.288 | AK219: Tirumala Enterprises | AL219: 116 | AM219: 30 | AN219: =IF(AL219<>"",AM219*AL219,0) -> 3480 | AQ219: =IF(AO219<>"",AP219*AO219,0) -> 0 | AR219: =AQ219+AN219 -> 3480 | AT219: ETIPL-PUR-ORD-23-01-00073 | AU219: 44949 | AV219: =AM219 -> 30 | AW219: =AV219*AL219 -> 3480 | AY219: 1443 | AZ219: 44972 | BA219: =AM219 -> 30 | BB219: =AL219 -> 116 | BC219: =IF(BB219<>"",BB219*BA219,0) -> 3480 | BE219: R-7 | BF219: 0000M0T01-M0T010106 | BG219: NA | BH219: Completed | BI219: Completed | BJ219: New data for Sep-23 Audit
A220: =A219+1 -> 218 | B220: 0000M0T01-M0T010106 | C220: M0T01 | D220: 18.662733,73.7956451 | E220: M0T010106 | F220: 18.6628687,73.7952229 | G220: Airtel | H220: Sambhajinagar | I220: Pune | J220: M&G | K220: Maharashtra | L220: M0T | M220: M0T | N220: 45105 | O220: 175 | P220: 45105 | Q220: 45150 | R220: 45105 | U220: Fresh | V220: 12F | W220: 175 | X220: 175 | Z220: BAL-ANG-UASL-ROM-Maharashtra/PUR/10001850 | AA220: 200000 | AB220: 44918 | AC220: 25.5 | AE220: 175 | AF220: ADSS | AG220: 12F | AH220: 12.5 | AI220: =IF(AE220<>"",AH220*AE220,0) -> 2187.5 | AK220: Tirumala Enterprises | AL220: 175 | AM220: 30 | AN220: =IF(AL220<>"",AM220*AL220,0) -> 5250 | AQ220: =IF(AO220<>"",AP220*AO220,0) -> 0 | AR220: =AQ220+AN220 -> 5250 | AT220: ETIPL-PUR-ORD-23-01-00073 | AU220: 44949 | AV220: =AM220 -> 30 | AW220: =AV220*AL220 -> 5250 | AY220: 1443 | AZ220: 44972 | BA220: =AM220 -> 30 | BB220: =AL220 -> 175 | BC220: =IF(BB220<>"",BB220*BA220,0) -> 5250 | BE220: R-7 | BF220: 0000M0T01-M0T010106 | BG220: NA | BH220: Completed | BI220: Completed | BJ220: New data for Sep-23 Audit
... A222: =A221+1 -> 220 | B222: 0000M0T02-M0T020102 | C222: M0T02 | D222: 18.6631647,73.7961472 | E222: M0T020102 | F222: 18.6635958,73.7956873 | G222: Airtel | H222: Sambhajinagar | I222: Pune | J222: M&G | K222: Maharashtra | L222: M0T | M222: M0T | N222: 44946 | O222: 86 | P222: 44946 | Q222: 45150 | R222: 44946 | U222: Fresh | V222: 12F | W222: 86 | X222: 86 | Z222: BAL-ANG-UASL-ROM-Maharashtra/PUR/10001850 | AA222: 200000 | AB222: 44918 | AC222: 25.5 | AE222: 86 | AF222: ADSS | AG222: 12F | AH222: 12.718 | AI222: =IF(AE222<>"",AH222*AE222,0) -> 1093.748 | AK222: Tirumala Enterprises | AL222: 86 | AM222: 30 | AN222: =IF(AL222<>"",AM222*AL222,0) -> 2580 | AQ222: =IF(AO222<>"",AP222*AO222,0) -> 0 | AR222: =AQ222+AN222 -> 2580 | AT222: ETIPL-PUR-ORD-23-01-00073 | AU222: 44949 | AV222: =AM222 -> 30 | AW222: =AV222*AL222 -> 2580 | AY222: 1443 | AZ222: 44972 | BA222: =AM222 -> 30 | BB222: =AL222 -> 86 | BC222: =IF(BB222<>"",BB222*BA222,0) -> 2580 | BE222: R-9 | BF222: 0000M0T02-M0T020102 | BG222: NA | BH222: Completed | BI222: Completed | BJ222: New data for Sep-23 Audit
A223: =A222+1 -> 221 | B223: M0T020102-M0T020104 | C223: M0T020102 | D223: 18.6635958,73.7956873 | E223: M0T020104 | F223: 18.6639786,73.7955816 | G223: Airtel | H223: Sambhajinagar | I223: Pune | J223: M&G | K223: Maharashtra | L223: M0T | M223: M0T | N223: 44946 | O223: 250 | P223: 44946 | Q223: 45150 | R223: 44946 | U223: Fresh | V223: 12F | W223: 250 | X223: 250 | Z223: BAL-ANG-UASL-ROM-Maharashtra/PUR/10001850 | AA223: 200000 | AB223: 44918 | AC223: 25.5 | AE223: 250 | AF223: ADSS | AG223: 12F | AH223: 12.718 | AI223: =IF(AE223<>"",AH223*AE223,0) -> 3179.5 | AK223: Tirumala Enterprises | AL223: 250 | AM223: 30 | AN223: =IF(AL223<>"",AM223*AL223,0) -> 7500 | AQ223: =IF(AO223<>"",AP223*AO223,0) -> 0 | AR223: =AQ223+AN223 -> 7500 | AT223: ETIPL-PUR-ORD-23-06-00032 | AU223: 45082 | AV223: =AM223 -> 30 | AW223: =AV223*AL223 -> 7500 | AY223: TE/23-24/164 | AZ223: 45136 | BA223: =AM223 -> 30 | BB223: =AL223 -> 250 | BC223: =IF(BB223<>"",BB223*BA223,0) -> 7500 | BE223: R-10 | BF223: M0T020102-M0T020104 | BG223: NA | BH223: Completed | BI223: Completed | BJ223: New data for Sep-23 Audit
A224: =A223+1 -> 222 | B224: 0000M0T02-M0T020105 | C224: M0T02 | D224: 18.6631647,73.7961472 | E224: M0T020105 | F224: 18.6628617,73.7962033 | G224: Airtel | H224: Sambhajinagar | I224: Pune | J224: M&G | K224: Maharashtra | L224: M0T | M224: M0T | N224: 44946 | O224: 60 | P224: 44946 | Q224: 45150 | R224: 44946 | U224: Fresh | V224: 12F | W224: 60 | X224: 60 | Z224: BAL-ANG-UASL-ROM-Maharashtra/PUR/10001850 | AA224: 200000 | AB224: 44918 | AC224: 25.5 | AE224: 60 | AF224: ADSS | AG224: 12F | AH224: 12.718 | AI224: =IF(AE224<>"",AH224*AE224,0) -> 763.08 | AK224: Tirumala Enterprises | AL224: 60 | AM224: 30 | AN224: =IF(AL224<>"",AM224*AL224,0) -> 1800 | AQ224: =IF(AO224<>"",AP224*AO224,0) -> 0 | AR224: =AQ224+AN224 -> 1800 | AT224: ETIPL-PUR-ORD-23-06-00032 | AU224: 45082 | AV224: =AM224 -> 30 | AW224: =AV224*AL224 -> 1800 | AY224: TE/23-24/164 | AZ224: 45136 | BA224: =AM224 -> 30 | BB224: =AL224 -> 60 | BC224: =IF(BB224<>"",BB224*BA224,0) -> 1800 | BE224: R-11 | BF224: 0000M0T02-M0T020105 | BG224: NA | BH224: Completed | BI224: Completed | BJ224: New data for Sep-23 Audit
A225: =A224+1 -> 223 | B225: 0000M0T02-M0T020108 | C225: M0T02 | D225: 18.6631647,73.7961472 | E225: M0T020108 | F225: 18.6634539,73.7950781 | G225: Airtel | H225: Sambhajinagar | I225: Pune | J225: M&G | K225: Maharashtra | L225: M0T | M225: M0T | N225: 44946 | O225: 17 | P225: 44946 | Q225: 45150 | R225: 44946 | U225: Fresh | V225: 12F | W225: 17 | X225: 17 | Z225: BAL-ANG-UASL-ROM-Maharashtra/PUR/10001850 | AA225: 200000 | AB225: 44918 | AC225: 25.5 | AE225: 17 | AF225: ADSS | AG225: 12F | AH225: 12.718 | AI225: =IF(AE225<>"",AH225*AE225,0) -> 216.206 | AK225: Tirumala Enterprises | AL225: 17 | AM225: 30 | AN225: =IF(AL225<>"",AM225*AL225,0) -> 510 | AQ225: =IF(AO225<>"",AP225*AO225,0) -> 0 | AR225: =AQ225+AN225 -> 510 | AT225: ETIPL-PUR-ORD-23-06-00032 | AU225: 45082 | AV225: =AM225 -> 30 | AW225: =AV225*AL225 -> 510 | AY225: TE/23-24/164 | AZ225: 45136 | BA225: =AM225 -> 30 | BB225: =AL225 -> 17 | BC225: =IF(BB225<>"",BB225*BA225,0) -> 510 | BE225: R-12 | BF225: 0000M0T02-M0T020108 | BG225: NA | BH225: Completed | BI225: Completed | BJ225: New data for Sep-23 Audit
A226: =A225+1 -> 224 | B226: 0000M0T02-M0T020108 | C226: M0T02 | D226: 18.6631647,73.7961472 | E226: M0T020108 | F226: 18.6634539,73.7950781 | G226: Airtel | H226: Sambhajinagar | I226: Pune | J226: M&G | K226: Maharashtra | L226: M0T | M226: M0T | N226: 45105 | O226: 197 | P226: 45105 | Q226: 45150 | R226: 45105 | U226: Fresh | V226: 12F | W226: 197 | X226: 197 | Z226: BAL-ANG-UASL-ROM-Maharashtra/PUR/10001850 | AA226: 200000 | AB226: 44918 | AC226: 25.5 | AE226: 197 | AF226: ADSS | AG226: 12F | AH226: 12.5 | AI226: =IF(AE226<>"",AH226*AE226,0) -> 2462.5 | AK226: Tirumala Enterprises | AL226: 197 | AM226: 30 | AN226: =IF(AL226<>"",AM226*AL226,0) -> 5910 | AQ226: =IF(AO226<>"",AP226*AO226,0) -> 0 | AR226: =AQ226+AN226 -> 5910 | AT226: ETIPL-PUR-ORD-23-06-00032 | AU226: 45082 | AV226: =AM226 -> 30 | AW226: =AV226*AL226 -> 5910 | AY226: TE/23-24/164 | AZ226: 45136 | BA226: =AM226 -> 30 | BB226: =AL226 -> 197 | BC226: =IF(BB226<>"",BB226*BA226,0) -> 5910 | BE226: R-12 | BF226: 0000M0T02-M0T020108 | BG226: NA | BH226: Completed | BI226: Completed | BJ226: New data for Sep-23 Audit
A227: =A226+1 -> 225 | B227: 0000M0T03-M0T030104 | C227: M0T03 | D227: 18.6631932,73.7969824 | E227: M0T030104 | F227: 18.6633673,73.7965606 | G227: Airtel | H227: Sambhajinagar | I227: Pune | J227: M&G | K227: Maharashtra | L227: M0T | M227: M0T | N227: 44946 | O227: 162 | P227: 44946 | Q227: 45150 | R227: 44946 | U227: Fresh | V227: 12F | W227: 162 | X227: 162 | Z227: BAL-ANG-UASL-ROM-Maharashtra/PUR/10001850 | AA227: 200000 | AB227: 44918 | AC227: 25.5 | AE227: 162 | AF227: ADSS | AG227: 12F | AH227: 12.718 | AI227: =IF(AE227<>"",AH227*AE227,0) -> 2060.316 | AK227: Tirumala Enterprises | AL227: 162 | AM227: 30 | AN227: =IF(AL227<>"",AM227*AL227,0) -> 4860 | AQ227: =IF(AO227<>"",AP227*AO227,0) -> 0 | AR227: =AQ227+AN227 -> 4860 | AT227: ETIPL-PUR-ORD-23-06-00032 | AU227: 45082 | AV227: =AM227 -> 30 | AW227: =AV227*AL227 -> 4860 | AY227: TE/23-24/164 | AZ227: 45136 | BA227: =AM227 -> 30 | BB227: =AL227 -> 162 | BC227: =IF(BB227<>"",BB227*BA227,0) -> 4860 | BE227: R-13 | BF227: 0000M0T03-M0T030104 | BG227: NA | BH227: Completed | BI227: Completed | BJ227: New data for Sep-23 Audit
A228: =A227+1 -> 226 | B228: 0000M0T03-M0T030105 | C228: M0T03 | D228: 18.6631932,73.7969824 | E228: M0T030105 | F228: 18.6629757,73.7976029 | G228: Airtel | H228: Sambhajinagar | I228: Pune | J228: M&G | K228: Maharashtra | L228: M0T | M228: M0T | N228: 44946 | O228: 156 | P228: 44946 | Q228: 45150 | R228: 44946 | U228: Fresh | V228: 12F | W228: 156 | X228: 156 | Z228: BAL-ANG-UASL-ROM-Maharashtra/PUR/10001850 | AA228: 200000 | AB228: 44918 | AC228: 25.5 | AE228: 156 | AF228: ADSS | AG228: 12F | AH228: 12.718 | AI228: =IF(AE228<>"",AH228*AE228,0) -> 1984.008 | AK228: Tirumala Enterprises | AL228: 156 | AM228: 30 | AN228: =IF(AL228<>"",AM228*AL228,0) -> 4680 | AQ228: =IF(AO228<>"",AP228*AO228,0) -> 0 | AR228: =AQ228+AN228 -> 4680 | AT228: ETIPL-PUR-ORD-23-01-00073 | AU228: 44949 | AV228: =AM228 -> 30 | AW228: =AV228*AL228 -> 4680 | AY228: 1443 | AZ228: 44972 | BA228: =AM228 -> 30 | BB228: =AL228 -> 156 | BC228: =IF(BB228<>"",BB228*BA228,0) -> 4680 | BE228: R-14 | BF228: 0000M0T03-M0T030105 | BG228: NA | BH228: Completed | BI228: Completed | BJ228: New data for Sep-23 Audit
A229: =A228+1 -> 227 | B229: M0T030101-M0T030106 | C229: M0T030101 | D229: 18.6631932,73.7969824 | E229: M0T030106 | F229: 18.6636819,73.7968343 | G229: Airtel | H229: Sambhajinagar | I229: Pune | J229: M&G | K229: Maharashtra | L229: M0T | M229: M0T | N229: 45105 | O229: 71 | P229: 45105 | Q229: 45150 | R229: 45105 | U229: Fresh | V229: 12F | W229: 71 | X229: 71 | Z229: BAL-ANG-UASL-ROM-Maharashtra/PUR/10001850 | AA229: 200000 | AB229: 44918 | AC229: 25.5 | AE229: 71 | AF229: ADSS | AG229: 12F | AH229: 12.5 | AI229: =IF(AE229<>"",AH229*AE229,0) -> 887.5 | AK229: Tirumala Enterprises | AL229: 71 | AM229: 30 | AN229: =IF(AL229<>"",AM229*AL229,0) -> 2130 | AQ229: =IF(AO229<>"",AP229*AO229,0) -> 0 | AR229: =AQ229+AN229 -> 2130 | AT229: ETIPL-PUR-ORD-23-06-00032 | AU229: 45082 | AV229: =AM229 -> 30 | AW229: =AV229*AL229 -> 2130 | AY229: TE/23-24/164 | AZ229: 45136 | BA229: =AM229 -> 30 | BB229: =AL229 -> 71 | BC229: =IF(BB229<>"",BB229*BA229,0) -> 2130 | BE229: R-15 | BF229: M0T030101-M0T030106 | BG229: NA | BH229: Completed | BI229: Completed | BJ229: New data for Sep-23 Audit
A230: =A229+1 -> 228 | B230: M0T030102-M0T030107 | C230: M0T030102 | D230: 18.6631667,73.7970726 | E230: M0T030107 | F230: 18.6628672,73.7974792 | G230: Airtel | H230: Sambhajinagar | I230: Pune | J230: M&G | K230: Maharashtra | L230: M0T | M230: M0T | N230: 45105 | O230: 57 | P230: 45105 | Q230: 45150 | R230: 45105 | U230: Fresh | V230: 12F | W230: 57 | X230: 57 | Z230: BAL-ANG-UASL-ROM-Maharashtra/PUR/10001850 | AA230: 200000 | AB230: 44918 | AC230: 25.5 | AE230: 57 | AF230: ADSS | AG230: 12F | AH230: 12.5 | AI230: =IF(AE230<>"",AH230*AE230,0) -> 712.5 | AK230: Tirumala Enterprises | AL230: 57 | AM230: 30 | AN230: =IF(AL230<>"",AM230*AL230,0) -> 1710 | AQ230: =IF(AO230<>"",AP230*AO230,0) -> 0 | AR230: =AQ230+AN230 -> 1710 | AT230: ETIPL-PUR-ORD-23-06-00032 | AU230: 45082 | AV230: =AM230 -> 30 | AW230: =AV230*AL230 -> 1710 | AY230: TE/23-24/164 | AZ230: 45136 | BA230: =AM230 -> 30 | BB230: =AL230 -> 57 | BC230: =IF(BB230<>"",BB230*BA230,0) -> 1710 | BE230: R-16 | BF230: M0T030102-M0T030107 | BG230: NA | BH230: Completed | BI230: Completed | BJ230: New data for Sep-23 Audit
A231: =A230+1 -> 229 | B231: 0000M0T04-M0T040101 | C231: M0T04 | D231: 18.66102,73.796015 | E231: M0T040101 | F231: 18.66102,73.796015 | G231: Airtel | H231: Sambhajinagar | I231: Pune | J231: M&G | K231: Maharashtra | L231: M0T | M231: M0T | N231: 44946 | O231: 5 | P231: 44946 | Q231: 45150 | R231: 44946 | U231: Fresh | V231: 12F | W231: 5 | X231: 5 | Z231: BAL-ANG-UASL-ROM-Maharashtra/PUR/10001850 | AA231: 200000 | AB231: 44918 | AC231: 25.5 | AE231: 5 | AF231: ADSS | AG231: 12F | AH231: 12.718 | AI231: =IF(AE231<>"",AH231*AE231,0) -> 63.59 | AK231: Tirumala Enterprises | AL231: 5 | AM231: 30 | AN231: =IF(AL231<>"",AM231*AL231,0) -> 150 | AQ231: =IF(AO231<>"",AP231*AO231,0) -> 0 | AR231: =AQ231+AN231 -> 150 | AT231: ETIPL-PUR-ORD-23-01-00073 | AU231: 44949 | AV231: =AM231 -> 30 | AW231: =AV231*AL231 -> 150 | AY231: 1443 | AZ231: 44972 | BA231: =AM231 -> 30 | BB231: =AL231 -> 5 | BC231: =IF(BB231<>"",BB231*BA231,0) -> 150 | BE231: R-17 | BF231: 0000M0T04-M0T040101 | BG231: NA | BH231: Completed | BI231: Completed | BJ231: New data for Sep-23 Audit
A232: =A231+1 -> 230 | B232: 0000M0T04-M0T040105 | C232: M0T04 | D232: 18.66102,73.796015 | E232: M0T040105 | F232: 18.6615025,73.7967208 | G232: Airtel | H232: Sambhajinagar | I232: Pune | J232: M&G | K232: Maharashtra | L232: M0T | M232: M0T | N232: 44946 | O232: 328 | P232: 44946 | Q232: 45150 | R232: 44946 | U232: Fresh | V232: 12F | W232: 328 | X232: 328 | Z232: BAL-ANG-UASL-ROM-Maharashtra/PUR/10001850 | AA232: 200000 | AB232: 44918 | AC232: 25.5 | AE232: 328 | AF232: ADSS | AG232: 12F | AH232: 12.718 | AI232: =IF(AE232<>"",AH232*AE232,0) -> 4171.504 | AK232: Tirumala Enterprises | AL232: 328 | AM232: 30 | AN232: =IF(AL232<>"",AM232*AL232,0) -> 9840 | AQ232: =IF(AO232<>"",AP232*AO232,0) -> 0 | AR232: =AQ232+AN232 -> 9840 | AT232: ETIPL-PUR-ORD-23-01-00073 | AU232: 44949 | AV232: =AM232 -> 30 | AW232: =AV232*AL232 -> 9840 | AY232: 1443 | AZ232: 44972 | BA232: =AM232 -> 30 | BB232: =AL232 -> 328 | BC232: =IF(BB232<>"",BB232*BA232,0) -> 9840 | BE232: R-18 | BF232: 0000M0T04-M0T040105 | BG232: NA | BH232: Completed | BI232: Completed | BJ232: New data for Sep-23 Audit
A233: =A232+1 -> 231 | B233: 0000M0T04-M0T040107 | C233: M0T04 | D233: 18.66102,73.796015 | E233: M0T040107 | F233: 18.6615443,73.7962385 | G233: Airtel | H233: Sambhajinagar | I233: Pune | J233: M&G | K233: Maharashtra | L233: M0T | M233: M0T | N233: 44946 | O233: 141 | P233: 44946 | Q233: 45150 | R233: 44946 | U233: Fresh | V233: 12F | W233: 141 | X233: 141 | Z233: BAL-ANG-UASL-ROM-Maharashtra/PUR/10001850 | AA233: 200000 | AB233: 44918 | AC233: 25.5 | AE233: 141 | AF233: ADSS | AG233: 12F | AH233: 12.718 | AI233: =IF(AE233<>"",AH233*AE233,0) -> 1793.238 | AK233: Tirumala Enterprises | AL233: 141 | AM233: 30 | AN233: =IF(AL233<>"",AM233*AL233,0) -> 4230 | AQ233: =IF(AO233<>"",AP233*AO233,0) -> 0 | AR233: =AQ233+AN233 -> 4230 | AT233: ETIPL-PUR-ORD-23-01-00073 | AU233: 44949 | AV233: =AM233 -> 30 | AW233: =AV233*AL233 -> 4230 | AY233: 1443 | AZ233: 44972 | BA233: =AM233 -> 30 | BB233: =AL233 -> 141 | BC233: =IF(BB233<>"",BB233*BA233,0) -> 4230 | BE233: R-19 | BF233: 0000M0T04-M0T040107 | BG233: NA | BH233: Completed | BI233: Completed | BJ233: New data for Sep-23 Audit
A234: =A233+1 -> 232 | B234: 0000M0T05-M0T050101 | C234: M0T05 | D234: 18.6620353,73.7971944 | E234: M0T050101 | F234: 18.6620353,73.7971944 | G234: Airtel | H234: Sambhajinagar | I234: Pune | J234: M&G | K234: Maharashtra | L234: M0T | M234: M0T | N234: 44946 | O234: 5 | P234: 44946 | Q234: 45150 | R234: 44946 | U234: Fresh | V234: 12F | W234: 5 | X234: 5 | Z234: BAL-ANG-UASL-ROM-Maharashtra/PUR/10001850 | AA234: 200000 | AB234: 44918 | AC234: 25.5 | AE234: 5 | AF234: ADSS | AG234: 12F | AH234: 12.718 | AI234: =IF(AE234<>"",AH234*AE234,0) -> 63.59 | AK234: Tirumala Enterprises | AL234: 5 | AM234: 30 | AN234: =IF(AL234<>"",AM234*AL234,0) -> 150 | AQ234: =IF(AO234<>"",AP234*AO234,0) -> 0 | AR234: =AQ234+AN234 -> 150 | AT234: ETIPL-PUR-ORD-23-01-00073 | AU234: 44949 | AV234: =AM234 -> 30 | AW234: =AV234*AL234 -> 150 | AY234: 1443 | AZ234: 44972 | BA234: =AM234 -> 30 | BB234: =AL234 -> 5 | BC234: =IF(BB234<>"",BB234*BA234,0) -> 150 | BE234: R-20 | BF234: 0000M0T05-M0T050101 | BG234: NA | BH234: Completed | BI234: Completed | BJ234: New data for Sep-23 Audit
A235: =A234+1 -> 233 | B235: 0000M0T05-M0T050102 | C235: M0T05 | D235: 18.6620353,73.7971944 | E235: M0T050102 | F235: 18.6620648,73.7971728 | G235: Airtel | H235: Sambhajinagar | I235: Pune | J235: M&G | K235: Maharashtra | L235: M0T | M235: M0T | N235: 44946 | O235: 364 | P235: 44946 | Q235: 45150 | R235: 44946 | U235: Fresh | V235: 12F | W235: 364 | X235: 364 | Z235: BAL-ANG-UASL-ROM-Maharashtra/PUR/10001850 | AA235: 200000 | AB235: 44918 | AC235: 25.5 | AE235: 364 | AF235: ADSS | AG235: 12F | AH235: 12.718 | AI235: =IF(AE235<>"",AH235*AE235,0) -> 4629.352 | AK235: Tirumala Enterprises | AL235: 364 | AM235: 30 | AN235: =IF(AL235<>"",AM235*AL235,0) -> 10920 | AQ235: =IF(AO235<>"",AP235*AO235,0) -> 0 | AR235: =AQ235+AN235 -> 10920 | AT235: ETIPL-PUR-ORD-23-01-00073 | AU235: 44949 | AV235: =AM235 -> 30 | AW235: =AV235*AL235 -> 10920 | AY235: 1443 | AZ235: 44972 | BA235: =AM235 -> 30 | BB235: =AL235 -> 364 | BC235: =IF(BB235<>"",BB235*BA235,0) -> 10920 | BE235: R-21 | BF235: 0000M0T05-M0T050102 | BG235: NA | BH235: Completed | BI235: Completed | BJ235: New data for Sep-23 Audit
A236: =A235+1 -> 234 | B236: 0000M0T05-M0T050105 | C236: M0T05 | D236: 18.6620353,73.7971944 | E236: M0T050105 | F236: 18.6623071,73.7967592 | G236: Airtel | H236: Sambhajinagar | I236: Pune | J236: M&G | K236: Maharashtra | L236: M0T | M236: M0T | N236: 44946 | O236: 268 | P236: 44946 | Q236: 45150 | R236: 44946 | U236: Fresh | V236: 12F | W236: 268 | X236: 268 | Z236: BAL-ANG-UASL-ROM-Maharashtra/PUR/10001850 | AA236: 200000 | AB236: 44918 | AC236: 25.5 | AE236: 268 | AF236: ADSS | AG236: 12F | AH236: 12.718 | AI236: =IF(AE236<>"",AH236*AE236,0) -> 3408.424 | AK236: Tirumala Enterprises | AL236: 268 | AM236: 30 | AN236: =IF(AL236<>"",AM236*AL236,0) -> 8040 | AQ236: =IF(AO236<>"",AP236*AO236,0) -> 0 | AR236: =AQ236+AN236 -> 8040 | AT236: ETIPL-PUR-ORD-23-01-00073 | AU236: 44949 | AV236: =AM236 -> 30 | AW236: =AV236*AL236 -> 8040 | AY236: 1443 | AZ236: 44972 | BA236: =AM236 -> 30 | BB236: =AL236 -> 268 | BC236: =IF(BB236<>"",BB236*BA236,0) -> 8040 | BE236: R-22 | BF236: 0000M0T05-M0T050105 | BG236: NA | BH236: Completed | BI236: Completed | BJ236: New data for Sep-23 Audit
A237: =A236+1 -> 235 | B237: 0000M0T05-M0T050105 | C237: M0T05 | D237: 18.6620353,73.7971944 | E237: M0T050105 | F237: 18.6623071,73.7967592 | G237: Airtel | H237: Sambhajinagar | I237: Pune | J237: M&G | K237: Maharashtra | L237: M0T | M237: M0T | N237: 45105 | O237: 12 | P237: 45105 | Q237: 45150 | R237: 45105 | U237: Fresh | V237: 12F | W237: 12 | X237: 12 | Z237: BAL-ANG-UASL-ROM-Maharashtra/PUR/10001850 | AA237: 200000 | AB237: 44918 | AC237: 25.5 | AE237: 12 | AF237: ADSS | AG237: 12F | AH237: 12.5 | AI237: =IF(AE237<>"",AH237*AE237,0) -> 150 | AK237: Tirumala Enterprises | AL237: 12 | AM237: 30 | AN237: =IF(AL237<>"",AM237*AL237,0) -> 360 | AQ237: =IF(AO237<>"",AP237*AO237,0) -> 0 | AR237: =AQ237+AN237 -> 360 | AT237: ETIPL-PUR-ORD-23-01-00073 | AU237: 44949 | AV237: =AM237 -> 30 | AW237: =AV237*AL237 -> 360 | AY237: 1443 | AZ237: 44972 | BA237: =AM237 -> 30 | BB237: =AL237 -> 12 | BC237: =IF(BB237<>"",BB237*BA237,0) -> 360 | BE237: R-22 | BF237: 0000M0T05-M0T050105 | BG237: NA | BH237: Completed | BI237: Completed | BJ237: New data for Sep-23 Audit
A238: =A237+1 -> 236 | B238: 0000M0T06-M0T060102 | C238: M0T06 | D238: 18.6624067,73.7969301 | E238: M0T060102 | F238: 18.6627222,73.7967415 | G238: Airtel | H238: Sambhajinagar | I238: Pune | J238: M&G | K238: Maharashtra | L238: M0T | M238: M0T | N238: 44946 | O238: 21 | P238: 44946 | Q238: 45150 | R238: 44946 | U238: Fresh | V238: 12F | W238: 21 | X238: 21 | Z238: BAL-ANG-UASL-ROM-Maharashtra/PUR/10001850 | AA238: 200000 | AB238: 44918 | AC238: 25.5 | AE238: 21 | AF238: ADSS | AG238: 12F | AH238: 12.718 | AI238: =IF(AE238<>"",AH238*AE238,0) -> 267.078 | AK238: Tirumala Enterprises | AL238: 21 | AM238: 30 | AN238: =IF(AL238<>"",AM238*AL238,0) -> 630 | AQ238: =IF(AO238<>"",AP238*AO238,0) -> 0 | AR238: =AQ238+AN238 -> 630 | AT238: ETIPL-PUR-ORD-23-01-00073 | AU238: 44949 | AV238: =AM238 -> 30 | AW238: =AV238*AL238 -> 630 | AY238: 1443 | AZ238: 44972 | BA238: =AM238 -> 30 | BB238: =AL238 -> 21 | BC238: =IF(BB238<>"",BB238*BA238,0) -> 630 | BE238: R-23 | BF238: 0000M0T06-M0T060102 | BG238: NA | BH238: Completed | BI238: Completed | BJ238: New data for Sep-23 Audit
A239: =A238+1 -> 237 | B239: 0000M0T06-M0T060104 | C239: M0T06 | D239: 18.6624067,73.7969301 | E239: M0T060104 | F239: 18.662434,73.7970183 | G239: Airtel | H239: Sambhajinagar | I239: Pune | J239: M&G | K239: Maharashtra | L239: M0T | M239: M0T | N239: 44946 | O239: 218 | P239: 44946 | Q239: 45150 | R239: 44946 | U239: Fresh | V239: 12F | W239: 218 | X239: 218 | Z239: BAL-ANG-UASL-ROM-Maharashtra/PUR/10001850 | AA239: 200000 | AB239: 44918 | AC239: 25.5 | AE239: 218 | AF239: ADSS | AG239: 12F | AH239: 12.718 | AI239: =IF(AE239<>"",AH239*AE239,0) -> 2772.524 | AK239: Tirumala Enterprises | AL239: 218 | AM239: 30 | AN239: =IF(AL239<>"",AM239*AL239,0) -> 6540 | AQ239: =IF(AO239<>"",AP239*AO239,0) -> 0 | AR239: =AQ239+AN239 -> 6540 | AT239: ETIPL-PUR-ORD-23-01-00073 | AU239: 44949 | AV239: =AM239 -> 30 | AW239: =AV239*AL239 -> 6540 | AY239: 1443 | AZ239: 44972 | BA239: =AM239 -> 30 | BB239: =AL239 -> 218 | BC239: =IF(BB239<>"",BB239*BA239,0) -> 6540 | BE239: R-24 | BF239: 0000M0T06-M0T060104 | BG239: NA | BH239: Completed | BI239: Completed | BJ239: New data for Sep-23 Audit
A240: =A239+1 -> 238 | B240: 0000M0T06-M0T060106 | C240: M0T06 | D240: 18.6624067,73.7969301 | E240: M0T060106 | F240: 18.6623135,73.7972371 | G240: Airtel | H240: Sambhajinagar | I240: Pune | J240: M&G | K240: Maharashtra | L240: M0T | M240: M0T | N240: 44946 | O240: 246 | P240: 44946 | Q240: 45150 | R240: 44946 | U240: Fresh | V240: 12F | W240: 246 | X240: 246 | Z240: BAL-ANG-UASL-ROM-Maharashtra/PUR/10001850 | AA240: 200000 | AB240: 44918 | AC240: 25.5 | AE240: 246 | AF240: ADSS | AG240: 12F | AH240: 12.718 | AI240: =IF(AE240<>"",AH240*AE240,0) -> 3128.628 | AK240: Tirumala Enterprises | AL240: 246 | AM240: 30 | AN240: =IF(AL240<>"",AM240*AL240,0) -> 7380 | AQ240: =IF(AO240<>"",AP240*AO240,0) -> 0 | AR240: =AQ240+AN240 -> 7380 | AT240: ETIPL-PUR-ORD-23-01-00073 | AU240: 44949 | AV240: =AM240 -> 30 | AW240: =AV240*AL240 -> 7380 | AY240: 1443 | AZ240: 44972 | BA240: =AM240 -> 30 | BB240: =AL240 -> 246 | BC240: =IF(BB240<>"",BB240*BA240,0) -> 7380 | BE240: R-25 | BF240: 0000M0T06-M0T060106 | BG240: NA | BH240: Completed | BI240: Completed | BJ240: New data for Sep-23 Audit
A241: =A240+1 -> 239 | B241: 0000M0T06-M0T060108 | C241: M0T06 | D241: 18.6624067,73.7969301 | E241: M0T060108 | F241: 18.6629116,73.7966727 | G241: Airtel | H241: Sambhajinagar | I241: Pune | J241: M&G | K241: Maharashtra | L241: M0T | M241: M0T | N241: 44946 | O241: 87 | P241: 44946 | Q241: 45150 | R241: 44946 | U241: Fresh | V241: 12F | W241: 87 | X241: 87 | Z241: BAL-ANG-UASL-ROM-Maharashtra/PUR/10001850 | AA241: 200000 | AB241: 44918 | AC241: 25.5 | AE241: 87 | AF241: ADSS | AG241: 12F | AH241: 12.718 | AI241: =IF(AE241<>"",AH241*AE241,0) -> 1106.466 | AK241: Tirumala Enterprises | AL241: 87 | AM241: 30 | AN241: =IF(AL241<>"",AM241*AL241,0) -> 2610 | AQ241: =IF(AO241<>"",AP241*AO241,0) -> 0 | AR241: =AQ241+AN241 -> 2610 | AT241: ETIPL-PUR-ORD-23-01-00073 | AU241: 44949 | AV241: =AM241 -> 30 | AW241: =AV241*AL241 -> 2610 | AY241: 1443 | AZ241: 44972 | BA241: =AM241 -> 30 | BB241: =AL241 -> 87 | BC241: =IF(BB241<>"",BB241*BA241,0) -> 2610 | BE241: R-26 | BF241: 0000M0T06-M0T060108 | BG241: NA | BH241: Completed | BI241: Completed | BJ241: New data for Sep-23 Audit
A242: =A241+1 -> 240 | B242: 0000M0T06-M0T060108 | C242: M0T06 | D242: 18.6624067,73.7969301 | E242: M0T060108 | F242: 18.6629116,73.7966727 | G242: Airtel | H242: Sambhajinagar | I242: Pune | J242: M&G | K242: Maharashtra | L242: M0T | M242: M0T | N242: 45105 | O242: 75 | P242: 45105 | Q242: 45150 | R242: 45105 | U242: Fresh | V242: 12F | W242: 75 | X242: 75 | Z242: BAL-ANG-UASL-ROM-Maharashtra/PUR/10001850 | AA242: 200000 | AB242: 44918 | AC242: 25.5 | AE242: 75 | AF242: ADSS | AG242: 12F | AH242: 12.5 | AI242: =IF(AE242<>"",AH242*AE242,0) -> 937.5 | AK242: Tirumala Enterprises | AL242: 75 | AM242: 30 | AN242: =IF(AL242<>"",AM242*AL242,0) -> 2250 | AQ242: =IF(AO242<>"",AP242*AO242,0) -> 0 | AR242: =AQ242+AN242 -> 2250 | AT242: ETIPL-PUR-ORD-23-01-00073 | AU242: 44949 | AV242: =AM242 -> 30 | AW242: =AV242*AL242 -> 2250 | AY242: 1443 | AZ242: 44972 | BA242: =AM242 -> 30 | BB242: =AL242 -> 75 | BC242: =IF(BB242<>"",BB242*BA242,0) -> 2250 | BE242: R-26 | BF242: 0000M0T06-M0T060108 | BG242: NA | BH242: Completed | BI242: Completed | BJ242: New data for Sep-23 Audit
... A248: =A247+1 -> 246 | B248: 0000M0T03-M0T030103 | C248: M0T03 | D248: 18.6631932,73.7969824 | E248: M0T030103 | F248: 18.6632208,73.7969609 | G248: Airtel | H248: Sambhajinagar | I248: Pune | J248: M&G | K248: Maharashtra | L248: M0T | M248: M0T | N248: 44946 | O248: 20 | P248: 44946 | Q248: 45150 | R248: 44946 | U248: Fresh | V248: 12F | W248: 20 | X248: 20 | Z248: BAL-ANG-UASL-ROM-Maharashtra/PUR/10001850 | AA248: 200000 | AB248: 44918 | AC248: 25.5 | AE248: 20 | AF248: ADSS | AG248: 12F | AH248: 12.718 | AI248: =IF(AE248<>"",AH248*AE248,0) -> 254.36 | AK248: Tirumala Enterprises | AL248: 20 | AM248: 30 | AN248: =IF(AL248<>"",AM248*AL248,0) -> 600 | AQ248: =IF(AO248<>"",AP248*AO248,0) -> 0 | AR248: =AQ248+AN248 -> 600 | AT248: ETIPL-PUR-ORD-23-01-00073 | AU248: 44949 | AV248: =AM248 -> 30 | AW248: =AV248*AL248 -> 600 | AY248: 1443 | AZ248: 44972 | BA248: =AM248 -> 30 | BB248: =AL248 -> 20 | BC248: =IF(BB248<>"",BB248*BA248,0) -> 600 | BE248: R-31 | BF248: 0000M0T03-M0T030103 | BG248: NA | BH248: Completed | BI248: Completed | BJ248: New data for Sep-23 Audit
A249: =A248+1 -> 247 | B249: 000000S8P-0000S8P14 | C249: S8P | E249: S8P14 | F249: 18.6527164,73.7753473 | G249: Airtel | H249: Nigdi 332 | I249: Pune | J249: M&G | K249: Maharashtra | L249: S8P | M249: S8P | N249: 45062.779 | O249: 1169 | P249: 45169 | Q249: 45212 | R249: 45169 | U249: Fresh | V249: 12F | W249: 1169 | X249: 1169 | Z249: BAL-ANG-UASL-ROM-Maharashtra/PUR/10001850 | AA249: 200000 | AB249: 44918 | AC249: 25.5 | AE249: 1169 | AF249: ADSS | AG249: 12F | AH249: 12.5 | AI249: =IF(AE249<>"",AH249*AE249,0) -> 14612.5 | AK249: Sadguru Enterprises | AL249: 1169 | AM249: 20 | AN249: =IF(AL249<>"",AM249*AL249,0) -> 23380 | AQ249: =IF(AO249<>"",AP249*AO249,0) -> 0 | AR249: =AQ249+AN249 -> 23380 | AT249: ETIPL-PUR-ORD-23-07-00011 | AU249: 45114 | AV249: =AM249 -> 20 | AW249: =AV249*AL249 -> 23380 | AY249: SAD/2023-24/25 | AZ249: 45190 | BA249: =AM249 -> 20 | BB249: =AL249 -> 1169 | BC249: =IF(BB249<>"",BB249*BA249,0) -> 23380 | BE249: R-1 | BF249: 000000S8P-0000S8P14 | BG249: NA | BH249: WIP | BI249: Completed | BJ249: New data for Sep-23 Audit
A250: =A249+1 -> 248 | B250: 0000S8P03-0000S8P15 | C250: S8P03 | D250: 18.6500085,73.7751642 | E250: S8P15 | F250: 18.650255,73.7759196 | G250: Airtel | H250: Nigdi 332 | I250: Pune | J250: M&G | K250: Maharashtra | L250: S8P | M250: S8P | N250: 45101.586 | O250: 159 | P250: 45169 | Q250: 45212 | R250: 45169 | U250: Fresh | V250: 12F | W250: 159 | X250: 159 | Z250: BAL-ANG-UASL-ROM-Maharashtra/PUR/10001850 | AA250: 200000 | AB250: 44918 | AC250: 25.5 | AE250: 159 | AF250: ADSS | AG250: 12F | AH250: 12.5 | AI250: =IF(AE250<>"",AH250*AE250,0) -> 1987.5 | AK250: Sadguru Enterprises | AL250: 159 | AM250: 20 | AN250: =IF(AL250<>"",AM250*AL250,0) -> 3180 | AQ250: =IF(AO250<>"",AP250*AO250,0) -> 0 | AR250: =AQ250+AN250 -> 3180 | AT250: ETIPL-PUR-ORD-23-07-00011 | AU250: 45114 | AV250: =AM250 -> 20 | AW250: =AV250*AL250 -> 3180 | AY250: SAD/2023-24/25 | AZ250: 45190 | BA250: =AM250 -> 20 | BB250: =AL250 -> 159 | BC250: =IF(BB250<>"",BB250*BA250,0) -> 3180 | BE250: R-2 | BF250: 0000S8P03-0000S8P15 | BG250: NA | BH250: WIP | BI250: Completed | BJ250: New data for Sep-23 Audit
A251: =A250+1 -> 249 | B251: 000000S8P-0000S8P16 | C251: S8P | E251: S8P16 | F251: 18.6531016,73.7697446 | G251: Airtel | H251: Nigdi 332 | I251: Pune | J251: M&G | K251: Maharashtra | L251: S8P | M251: S8P | N251: 45096.592 | O251: 401 | P251: 45169 | Q251: 45212 | R251: 45169 | U251: Fresh | V251: 12F | W251: 401 | X251: 401 | Z251: BAL-ANG-UASL-ROM-Maharashtra/PUR/10001850 | AA251: 200000 | AB251: 44918 | AC251: 25.5 | AE251: 401 | AF251: ADSS | AG251: 12F | AH251: 12.5 | AI251: =IF(AE251<>"",AH251*AE251,0) -> 5012.5 | AK251: Sadguru Enterprises | AL251: 401 | AM251: 20 | AN251: =IF(AL251<>"",AM251*AL251,0) -> 8020 | AQ251: =IF(AO251<>"",AP251*AO251,0) -> 0 | AR251: =AQ251+AN251 -> 8020 | AT251: ETIPL-PUR-ORD-23-07-00011 | AU251: 45114 | AV251: =AM251 -> 20 | AW251: =AV251*AL251 -> 8020 | AY251: SAD/2023-24/25 | AZ251: 45190 | BA251: =AM251 -> 20 | BB251: =AL251 -> 401 | BC251: =IF(BB251<>"",BB251*BA251,0) -> 8020 | BE251: R-3 | BF251: 000000S8P-0000S8P16 | BG251: NA | BH251: WIP | BI251: Completed | BJ251: New data for Sep-23 Audit
A252: =A251+1 -> 250 | B252: 000000S8P-0000S8P12 | C252: S8P | E252: S8P12 | F252: 18.6513257,73.7706242 | G252: Airtel | H252: Nigdi 332 | I252: Pune | J252: M&G | K252: Maharashtra | L252: S8P | M252: S8P | N252: 45097.644 | O252: 111 | P252: 45169 | Q252: 45212 | R252: 45169 | U252: Fresh | V252: 12F | W252: 111 | X252: 111 | Z252: BAL-ANG-UASL-ROM-Maharashtra/PUR/10001850 | AA252: 200000 | AB252: 44918 | AC252: 25.5 | AE252: 111 | AF252: ADSS | AG252: 12F | AH252: 12.5 | AI252: =IF(AE252<>"",AH252*AE252,0) -> 1387.5 | AK252: Sadguru Enterprises | AL252: 111 | AM252: 20 | AN252: =IF(AL252<>"",AM252*AL252,0) -> 2220 | AQ252: =IF(AO252<>"",AP252*AO252,0) -> 0 | AR252: =AQ252+AN252 -> 2220 | AT252: ETIPL-PUR-ORD-23-07-00011 | AU252: 45114 | AV252: =AM252 -> 20 | AW252: =AV252*AL252 -> 2220 | AY252: SAD/2023-24/25 | AZ252: 45190 | BA252: =AM252 -> 20 | BB252: =AL252 -> 111 | BC252: =IF(BB252<>"",BB252*BA252,0) -> 2220 | BE252: R-4 | BF252: 000000S8P-0000S8P12 | BG252: NA | BH252: WIP | BI252: Completed | BJ252: New data for Sep-23 Audit
...

Sheet Node Details
E1: =MATCH(E2,'Route-Details'!$B$2:$X$2,0) -> 6 | F1: =MATCH(F2,'Route-Details'!$B$2:$X$2,0) -> 7 | G1: =MATCH(G2,'Route-Details'!$B$2:$X$2,0) -> 8 | H1: =MATCH(H2,'Route-Details'!$B$2:$X$2,0) -> 9 | I1: =MATCH(I2,'Route-Details'!$B$2:$X$2,0) -> 11 | J1: =MATCH(J2,'Route-Details'!$B$2:$X$2,0) -> 12 | S1: =SUBTOTAL(9,S3:S1048576) -> 0
A2: Sr No | B2: FDC/FAT Unique ID (End Point) | C2: Latlong | D2: Route ID (Route on which FAT/FDC is connected) | E2: Customer | F2: Area Name | G2: City | H2: Telecom Circle | I2: OLT ID | J2: Cluster ID | K2: Online AT Date (Delivered) | L2: HOTO Date | M2: HOTO Signoff Date | N2: Start Date (Date from which we can bill) | O2: Lock-in Period | P2: Surrender Date | Q2: Any Additional Fiber used for connectivity | R2: Fiber Capacity | S2: Online AT Length (Delivered) | T2: OTDR length (in meters) | U2: Customer Billable length (in meters) | W2: Customer PO no | X2: PO length | Y2: PO Date | Z2: PO Rate | AB2: Fiber length deployed/used (in meters) | AC2: Fiber Type | AD2: Fiber Capacity | AE2: Fiber Rate per meter (incl Freight) | AF2: Fiber Material Cost | AH2: Execution Vendor Name | AI2: Vendor Billable Length (Fiber laying) | AJ2: Fiber Laying Rate | AK2: Fiber Laying/Execution Cost | AL2: OTM Length | AM2: OTM Execution Rate | AN2: OTM Cost | AO2: Total Vendor Cost | AQ2: Vendor PO No | AR2: Vendor PO Date | AS2: Vendor PO Rate | AT2: Vendor PO Cost | AV2: Vendor Invoice No | AW2: Vendor Invoice Date | AX2: Vendor Invoice Rate | AY2: Vendor Invoiced length | AZ2: Invoice Amt | BB2: Route no | BC2: Remark
A3: 1 | B3: 1WB15 | C3: 18.5115219,73.8463387 | D3: 0000001WB-00001WB15 | E3: =_xlfn.IFNA(VLOOKUP($D3,'Route-Details'!$B$2:$X$1048576,'Node Details'!E$1,0),"") -> Airtel | F3: =_xlfn.IFNA(VLOOKUP($D3,'Route-Details'!$B$2:$X$1048576,'Node Details'!F$1,0),"") -> Narayan Peth 2 | G3: =_xlfn.IFNA(VLOOKUP($D3,'Route-Details'!$B$2:$X$1048576,'Node Details'!G$1,0),"") -> Pune | H3: =_xlfn.IFNA(VLOOKUP($D3,'Route-Details'!$B$2:$X$1048576,'Node Details'!H$1,0),"") -> M&G | I3: =_xlfn.IFNA(VLOOKUP($D3,'Route-Details'!$B$2:$X$1048576,'Node Details'!I$1,0),"") -> 1WB | J3: =_xlfn.IFNA(VLOOKUP($D3,'Route-Details'!$B$2:$X$1048576,'Node Details'!J$1,0),"") -> 1WB | K3: 45046 | L3: 45107 | M3: 45112 | N3: 45107 | Q3: No | BB3: R-22 | BC3: New data for Sep-23 Audit
A4: =A3+1 -> 2 | B4: 1WB150103 | C4: 18.5116278,73.8463653 | D4: 00001WB15-1WB150101 | E4: =_xlfn.IFNA(VLOOKUP($D4,'Route-Details'!$B$2:$X$1048576,'Node Details'!E$1,0),"") -> Airtel | F4: =_xlfn.IFNA(VLOOKUP($D4,'Route-Details'!$B$2:$X$1048576,'Node Details'!F$1,0),"") -> Narayan Peth 2 | G4: =_xlfn.IFNA(VLOOKUP($D4,'Route-Details'!$B$2:$X$1048576,'Node Details'!G$1,0),"") -> Pune | H4: =_xlfn.IFNA(VLOOKUP($D4,'Route-Details'!$B$2:$X$1048576,'Node Details'!H$1,0),"") -> M&G | I4: =_xlfn.IFNA(VLOOKUP($D4,'Route-Details'!$B$2:$X$1048576,'Node Details'!I$1,0),"") -> 1WB | J4: =_xlfn.IFNA(VLOOKUP($D4,'Route-Details'!$B$2:$X$1048576,'Node Details'!J$1,0),"") -> 1WB | K4: 45046 | L4: 45107 | M4: 45112 | N4: 45107 | Q4: No | BB4: R-25 | BC4: New data for Sep-23 Audit
A5: =A4+1 -> 3 | B5: 1WB150102 | C5: 18.5116077,73.846343 | D5: 00001WB15-1WB150101 | E5: =_xlfn.IFNA(VLOOKUP($D5,'Route-Details'!$B$2:$X$1048576,'Node Details'!E$1,0),"") -> Airtel | F5: =_xlfn.IFNA(VLOOKUP($D5,'Route-Details'!$B$2:$X$1048576,'Node Details'!F$1,0),"") -> Narayan Peth 2 | G5: =_xlfn.IFNA(VLOOKUP($D5,'Route-Details'!$B$2:$X$1048576,'Node Details'!G$1,0),"") -> Pune | H5: =_xlfn.IFNA(VLOOKUP($D5,'Route-Details'!$B$2:$X$1048576,'Node Details'!H$1,0),"") -> M&G | I5: =_xlfn.IFNA(VLOOKUP($D5,'Route-Details'!$B$2:$X$1048576,'Node Details'!I$1,0),"") -> 1WB | J5: =_xlfn.IFNA(VLOOKUP($D5,'Route-Details'!$B$2:$X$1048576,'Node Details'!J$1,0),"") -> 1WB | K5: 45046 | L5: 45107 | M5: 45112 | N5: 45107 | Q5: No | BB5: R-25 | BC5: New data for Sep-23 Audit
A6: =A5+1 -> 4 | B6: 1WB150101 | C6: 18.5115219,73.8463387 | D6: 00001WB15-1WB150101 | E6: =_xlfn.IFNA(VLOOKUP($D6,'Route-Details'!$B$2:$X$1048576,'Node Details'!E$1,0),"") -> Airtel | F6: =_xlfn.IFNA(VLOOKUP($D6,'Route-Details'!$B$2:$X$1048576,'Node Details'!F$1,0),"") -> Narayan Peth 2 | G6: =_xlfn.IFNA(VLOOKUP($D6,'Route-Details'!$B$2:$X$1048576,'Node Details'!G$1,0),"") -> Pune | H6: =_xlfn.IFNA(VLOOKUP($D6,'Route-Details'!$B$2:$X$1048576,'Node Details'!H$1,0),"") -> M&G | I6: =_xlfn.IFNA(VLOOKUP($D6,'Route-Details'!$B$2:$X$1048576,'Node Details'!I$1,0),"") -> 1WB | J6: =_xlfn.IFNA(VLOOKUP($D6,'Route-Details'!$B$2:$X$1048576,'Node Details'!J$1,0),"") -> 1WB | K6: 45046 | L6: 45107 | M6: 45112 | N6: 45107 | Q6: No | BB6: R-25 | BC6: New data for Sep-23 Audit
A7: =A6+1 -> 5 | B7: 1WB16 | C7: 18.5114659,73.8479177 | D7: 0000001WB-00001WB19 | E7: =_xlfn.IFNA(VLOOKUP($D7,'Route-Details'!$B$2:$X$1048576,'Node Details'!E$1,0),"") -> Airtel | F7: =_xlfn.IFNA(VLOOKUP($D7,'Route-Details'!$B$2:$X$1048576,'Node Details'!F$1,0),"") -> Narayan Peth 2 | G7: =_xlfn.IFNA(VLOOKUP($D7,'Route-Details'!$B$2:$X$1048576,'Node Details'!G$1,0),"") -> Pune | H7: =_xlfn.IFNA(VLOOKUP($D7,'Route-Details'!$B$2:$X$1048576,'Node Details'!H$1,0),"") -> M&G | I7: =_xlfn.IFNA(VLOOKUP($D7,'Route-Details'!$B$2:$X$1048576,'Node Details'!I$1,0),"") -> 1WB | J7: =_xlfn.IFNA(VLOOKUP($D7,'Route-Details'!$B$2:$X$1048576,'Node Details'!J$1,0),"") -> 1WB | K7: 45046 | L7: 45107 | M7: 45112 | N7: 45107 | Q7: No | BB7: R-23 | BC7: New data for Sep-23 Audit
A8: =A7+1 -> 6 | B8: 1WB160108 | C8: 18.5110529,73.8480907 | D8: 00001WB16-1WB160108 | E8: =_xlfn.IFNA(VLOOKUP($D8,'Route-Details'!$B$2:$X$1048576,'Node Details'!E$1,0),"") -> Airtel | F8: =_xlfn.IFNA(VLOOKUP($D8,'Route-Details'!$B$2:$X$1048576,'Node Details'!F$1,0),"") -> Narayan Peth 2 | G8: =_xlfn.IFNA(VLOOKUP($D8,'Route-Details'!$B$2:$X$1048576,'Node Details'!G$1,0),"") -> Pune | H8: =_xlfn.IFNA(VLOOKUP($D8,'Route-Details'!$B$2:$X$1048576,'Node Details'!H$1,0),"") -> M&G | I8: =_xlfn.IFNA(VLOOKUP($D8,'Route-Details'!$B$2:$X$1048576,'Node Details'!I$1,0),"") -> 1WB | J8: =_xlfn.IFNA(VLOOKUP($D8,'Route-Details'!$B$2:$X$1048576,'Node Details'!J$1,0),"") -> 1WB | K8: 45046 | L8: 45107 | M8: 45112 | N8: 45107 | Q8: No | BB8: R-26 | BC8: New data for Sep-23 Audit
A9: =A8+1 -> 7 | B9: 1WB160107 | C9: 18.5110637,73.8480184 | D9: 00001WB16-1WB160107 | E9: =_xlfn.IFNA(VLOOKUP($D9,'Route-Details'!$B$2:$X$1048576,'Node Details'!E$1,0),"") -> Airtel | F9: =_xlfn.IFNA(VLOOKUP($D9,'Route-Details'!$B$2:$X$1048576,'Node Details'!F$1,0),"") -> Narayan Peth 2 | G9: =_xlfn.IFNA(VLOOKUP($D9,'Route-Details'!$B$2:$X$1048576,'Node Details'!G$1,0),"") -> Pune | H9: =_xlfn.IFNA(VLOOKUP($D9,'Route-Details'!$B$2:$X$1048576,'Node Details'!H$1,0),"") -> M&G | I9: =_xlfn.IFNA(VLOOKUP($D9,'Route-Details'!$B$2:$X$1048576,'Node Details'!I$1,0),"") -> 1WB | J9: =_xlfn.IFNA(VLOOKUP($D9,'Route-Details'!$B$2:$X$1048576,'Node Details'!J$1,0),"") -> 1WB | K9: 45046 | L9: 45107 | M9: 45112 | N9: 45107 | Q9: No | BB9: R-27 | BC9: New data for Sep-23 Audit
A10: =A9+1 -> 8 | B10: 1WB160106 | C10: 18.5108534,73.8479786 | D10: 00001WB16-1WB160101 | E10: =_xlfn.IFNA(VLOOKUP($D10,'Route-Details'!$B$2:$X$1048576,'Node Details'!E$1,0),"") -> Airtel | F10: =_xlfn.IFNA(VLOOKUP($D10,'Route-Details'!$B$2:$X$1048576,'Node Details'!F$1,0),"") -> Narayan Peth 2 | G10: =_xlfn.IFNA(VLOOKUP($D10,'Route-Details'!$B$2:$X$1048576,'Node Details'!G$1,0),"") -> Pune | H10: =_xlfn.IFNA(VLOOKUP($D10,'Route-Details'!$B$2:$X$1048576,'Node Details'!H$1,0),"") -> M&G | I10: =_xlfn.IFNA(VLOOKUP($D10,'Route-Details'!$B$2:$X$1048576,'Node Details'!I$1,0),"") -> 1WB | J10: =_xlfn.IFNA(VLOOKUP($D10,'Route-Details'!$B$2:$X$1048576,'Node Details'!J$1,0),"") -> 1WB | K10: 45046 | L10: 45107 | M10: 45112 | N10: 45107 | Q10: No | BB10: R-28 | BC10: New data for Sep-23 Audit
A11: =A10+1 -> 9 | B11: 1WB160105 | C11: 18.5114569,73.8482843 | D11: 00001WB16-1WB160101 | E11: =_xlfn.IFNA(VLOOKUP($D11,'Route-Details'!$B$2:$X$1048576,'Node Details'!E$1,0),"") -> Airtel | F11: =_xlfn.IFNA(VLOOKUP($D11,'Route-Details'!$B$2:$X$1048576,'Node Details'!F$1,0),"") -> Narayan Peth 2 | G11: =_xlfn.IFNA(VLOOKUP($D11,'Route-Details'!$B$2:$X$1048576,'Node Details'!G$1,0),"") -> Pune | H11: =_xlfn.IFNA(VLOOKUP($D11,'Route-Details'!$B$2:$X$1048576,'Node Details'!H$1,0),"") -> M&G | I11: =_xlfn.IFNA(VLOOKUP($D11,'Route-Details'!$B$2:$X$1048576,'Node Details'!I$1,0),"") -> 1WB | J11: =_xlfn.IFNA(VLOOKUP($D11,'Route-Details'!$B$2:$X$1048576,'Node Details'!J$1,0),"") -> 1WB | K11: 45046 | L11: 45107 | M11: 45112 | N11: 45107 | Q11: No | BB11: R-28 | BC11: New data for Sep-23 Audit
A12: =A11+1 -> 10 | B12: 1WB160104 | C12: 18.5116228,73.8481831 | D12: 00001WB16-1WB160101 | E12: =_xlfn.IFNA(VLOOKUP($D12,'Route-Details'!$B$2:$X$1048576,'Node Details'!E$1,0),"") -> Airtel | F12: =_xlfn.IFNA(VLOOKUP($D12,'Route-Details'!$B$2:$X$1048576,'Node Details'!F$1,0),"") -> Narayan Peth 2 | G12: =_xlfn.IFNA(VLOOKUP($D12,'Route-Details'!$B$2:$X$1048576,'Node Details'!G$1,0),"") -> Pune | H12: =_xlfn.IFNA(VLOOKUP($D12,'Route-Details'!$B$2:$X$1048576,'Node Details'!H$1,0),"") -> M&G | I12: =_xlfn.IFNA(VLOOKUP($D12,'Route-Details'!$B$2:$X$1048576,'Node Details'!I$1,0),"") -> 1WB | J12: =_xlfn.IFNA(VLOOKUP($D12,'Route-Details'!$B$2:$X$1048576,'Node Details'!J$1,0),"") -> 1WB | K12: 45046 | L12: 45107 | M12: 45112 | N12: 45107 | Q12: No | BB12: R-28 | BC12: New data for Sep-23 Audit
A13: =A12+1 -> 11 | B13: 1WB160103 | C13: 18.5114684,73.8484323 | D13: 00001WB16-1WB160101 | E13: =_xlfn.IFNA(VLOOKUP($D13,'Route-Details'!$B$2:$X$1048576,'Node Details'!E$1,0),"") -> Airtel | F13: =_xlfn.IFNA(VLOOKUP($D13,'Route-Details'!$B$2:$X$1048576,'Node Details'!F$1,0),"") -> Narayan Peth 2 | G13: =_xlfn.IFNA(VLOOKUP($D13,'Route-Details'!$B$2:$X$1048576,'Node Details'!G$1,0),"") -> Pune | H13: =_xlfn.IFNA(VLOOKUP($D13,'Route-Details'!$B$2:$X$1048576,'Node Details'!H$1,0),"") -> M&G | I13: =_xlfn.IFNA(VLOOKUP($D13,'Route-Details'!$B$2:$X$1048576,'Node Details'!I$1,0),"") -> 1WB | J13: =_xlfn.IFNA(VLOOKUP($D13,'Route-Details'!$B$2:$X$1048576,'Node Details'!J$1,0),"") -> 1WB | K13: 45046 | L13: 45107 | M13: 45112 | N13: 45107 | Q13: No | BB13: R-28 | BC13: New data for Sep-23 Audit
A14: =A13+1 -> 12 | B14: 1WB160102 | C14: 18.5113396,73.8481242 | D14: 00001WB16-1WB160101 | E14: =_xlfn.IFNA(VLOOKUP($D14,'Route-Details'!$B$2:$X$1048576,'Node Details'!E$1,0),"") -> Airtel | F14: =_xlfn.IFNA(VLOOKUP($D14,'Route-Details'!$B$2:$X$1048576,'Node Details'!F$1,0),"") -> Narayan Peth 2 | G14: =_xlfn.IFNA(VLOOKUP($D14,'Route-Details'!$B$2:$X$1048576,'Node Details'!G$1,0),"") -> Pune | H14: =_xlfn.IFNA(VLOOKUP($D14,'Route-Details'!$B$2:$X$1048576,'Node Details'!H$1,0),"") -> M&G | I14: =_xlfn.IFNA(VLOOKUP($D14,'Route-Details'!$B$2:$X$1048576,'Node Details'!I$1,0),"") -> 1WB | J14: =_xlfn.IFNA(VLOOKUP($D14,'Route-Details'!$B$2:$X$1048576,'Node Details'!J$1,0),"") -> 1WB | K14: 45046 | L14: 45107 | M14: 45112 | N14: 45107 | Q14: No | BB14: R-28 | BC14: New data for Sep-23 Audit
A15: =A14+1 -> 13 | B15: 1WB160101 | C15: 18.5114659,73.8479177 | D15: 00001WB16-1WB160101 | E15: =_xlfn.IFNA(VLOOKUP($D15,'Route-Details'!$B$2:$X$1048576,'Node Details'!E$1,0),"") -> Airtel | F15: =_xlfn.IFNA(VLOOKUP($D15,'Route-Details'!$B$2:$X$1048576,'Node Details'!F$1,0),"") -> Narayan Peth 2 | G15: =_xlfn.IFNA(VLOOKUP($D15,'Route-Details'!$B$2:$X$1048576,'Node Details'!G$1,0),"") -> Pune | H15: =_xlfn.IFNA(VLOOKUP($D15,'Route-Details'!$B$2:$X$1048576,'Node Details'!H$1,0),"") -> M&G | I15: =_xlfn.IFNA(VLOOKUP($D15,'Route-Details'!$B$2:$X$1048576,'Node Details'!I$1,0),"") -> 1WB | J15: =_xlfn.IFNA(VLOOKUP($D15,'Route-Details'!$B$2:$X$1048576,'Node Details'!J$1,0),"") -> 1WB | K15: 45046 | L15: 45107 | M15: 45112 | N15: 45107 | Q15: No | BB15: R-28 | BC15: New data for Sep-23 Audit
... A245: =A244+1 -> 243 | B245: 1PS160101 | C245: 18.512756,73.847585 | D245: 00001PS16-1PS160108 | E245: =_xlfn.IFNA(VLOOKUP($D245,'Route-Details'!$B$2:$X$1048576,'Node Details'!E$1,0),"") -> Airtel | F245: =_xlfn.IFNA(VLOOKUP($D245,'Route-Details'!$B$2:$X$1048576,'Node Details'!F$1,0),"") -> Narayan Peth 1 | G245: =_xlfn.IFNA(VLOOKUP($D245,'Route-Details'!$B$2:$X$1048576,'Node Details'!G$1,0),"") -> Pune | H245: =_xlfn.IFNA(VLOOKUP($D245,'Route-Details'!$B$2:$X$1048576,'Node Details'!H$1,0),"") -> M&G | I245: =_xlfn.IFNA(VLOOKUP($D245,'Route-Details'!$B$2:$X$1048576,'Node Details'!I$1,0),"") -> 1PS | J245: =_xlfn.IFNA(VLOOKUP($D245,'Route-Details'!$B$2:$X$1048576,'Node Details'!J$1,0),"") -> 1PS | K245: 45107 | L245: 45107 | M245: 45112 | N245: 45107 | Q245: No | BB245: R-21 | BC245: New data for Sep-23 Audit
A246: =A245+1 -> 244 | B246: 1PS | D246: 0000001PS-00001PS10 | E246: =_xlfn.IFNA(VLOOKUP($D246,'Route-Details'!$B$2:$X$1048576,'Node Details'!E$1,0),"") -> Airtel | F246: =_xlfn.IFNA(VLOOKUP($D246,'Route-Details'!$B$2:$X$1048576,'Node Details'!F$1,0),"") -> Narayan Peth 1 | G246: =_xlfn.IFNA(VLOOKUP($D246,'Route-Details'!$B$2:$X$1048576,'Node Details'!G$1,0),"") -> Pune | H246: =_xlfn.IFNA(VLOOKUP($D246,'Route-Details'!$B$2:$X$1048576,'Node Details'!H$1,0),"") -> M&G | I246: =_xlfn.IFNA(VLOOKUP($D246,'Route-Details'!$B$2:$X$1048576,'Node Details'!I$1,0),"") -> 1PS | J246: =_xlfn.IFNA(VLOOKUP($D246,'Route-Details'!$B$2:$X$1048576,'Node Details'!J$1,0),"") -> 1PS | K246: 45046 | L246: 45107 | M246: 45112 | N246: 45107 | Q246: No | BC246: New data for Sep-23 Audit
A247: =A246+1 -> 245 | B247: 1WB | D247: 0000001WB-00001WB15 | E247: =_xlfn.IFNA(VLOOKUP($D247,'Route-Details'!$B$2:$X$1048576,'Node Details'!E$1,0),"") -> Airtel | F247: =_xlfn.IFNA(VLOOKUP($D247,'Route-Details'!$B$2:$X$1048576,'Node Details'!F$1,0),"") -> Narayan Peth 2 | G247: =_xlfn.IFNA(VLOOKUP($D247,'Route-Details'!$B$2:$X$1048576,'Node Details'!G$1,0),"") -> Pune | H247: =_xlfn.IFNA(VLOOKUP($D247,'Route-Details'!$B$2:$X$1048576,'Node Details'!H$1,0),"") -> M&G | I247: =_xlfn.IFNA(VLOOKUP($D247,'Route-Details'!$B$2:$X$1048576,'Node Details'!I$1,0),"") -> 1WB | J247: =_xlfn.IFNA(VLOOKUP($D247,'Route-Details'!$B$2:$X$1048576,'Node Details'!J$1,0),"") -> 1WB | K247: 45046 | L247: 45107 | M247: 45112 | N247: 45107 | Q247: No | BC247: New data for Sep-23 Audit
A248: =A247+1 -> 246 | B248: K0E01 | C248: 18.5097769,73.8325109 | D248: 000000K0E-0000K0E04 | E248: =_xlfn.IFNA(VLOOKUP($D248,'Route-Details'!$B$2:$X$1048576,'Node Details'!E$1,0),"") -> Airtel | F248: =_xlfn.IFNA(VLOOKUP($D248,'Route-Details'!$B$2:$X$1048576,'Node Details'!F$1,0),"") -> Prabhat Rd 1 | G248: =_xlfn.IFNA(VLOOKUP($D248,'Route-Details'!$B$2:$X$1048576,'Node Details'!G$1,0),"") -> Pune | H248: =_xlfn.IFNA(VLOOKUP($D248,'Route-Details'!$B$2:$X$1048576,'Node Details'!H$1,0),"") -> M&G | I248: =_xlfn.IFNA(VLOOKUP($D248,'Route-Details'!$B$2:$X$1048576,'Node Details'!I$1,0),"") -> K0E | J248: =_xlfn.IFNA(VLOOKUP($D248,'Route-Details'!$B$2:$X$1048576,'Node Details'!J$1,0),"") -> K0E | K248: 45046 | L248: 45107 | M248: 45112 | N248: 45107 | Q248: No | BB248: R-1 | BC248: New data for Sep-23 Audit
A249: =A248+1 -> 247 | B249: K0E010101 | C249: 18.5097769,73.8325109 | D249: 0000K0E01-K0E010108 | E249: =_xlfn.IFNA(VLOOKUP($D249,'Route-Details'!$B$2:$X$1048576,'Node Details'!E$1,0),"") -> Airtel | F249: =_xlfn.IFNA(VLOOKUP($D249,'Route-Details'!$B$2:$X$1048576,'Node Details'!F$1,0),"") -> Prabhat Rd 1 | G249: =_xlfn.IFNA(VLOOKUP($D249,'Route-Details'!$B$2:$X$1048576,'Node Details'!G$1,0),"") -> Pune | H249: =_xlfn.IFNA(VLOOKUP($D249,'Route-Details'!$B$2:$X$1048576,'Node Details'!H$1,0),"") -> M&G | I249: =_xlfn.IFNA(VLOOKUP($D249,'Route-Details'!$B$2:$X$1048576,'Node Details'!I$1,0),"") -> K0E | J249: =_xlfn.IFNA(VLOOKUP($D249,'Route-Details'!$B$2:$X$1048576,'Node Details'!J$1,0),"") -> K0E | K249: 45046 | L249: 45107 | M249: 45112 | N249: 45107 | Q249: No | BB249: R-9 | BC249: New data for Sep-23 Audit
A250: =A249+1 -> 248 | B250: K0E010102 | C250: 18.5094318,73.8322073 | D250: 0000K0E01-K0E010107 | E250: =_xlfn.IFNA(VLOOKUP($D250,'Route-Details'!$B$2:$X$1048576,'Node Details'!E$1,0),"") -> Airtel | F250: =_xlfn.IFNA(VLOOKUP($D250,'Route-Details'!$B$2:$X$1048576,'Node Details'!F$1,0),"") -> Prabhat Rd 1 | G250: =_xlfn.IFNA(VLOOKUP($D250,'Route-Details'!$B$2:$X$1048576,'Node Details'!G$1,0),"") -> Pune | H250: =_xlfn.IFNA(VLOOKUP($D250,'Route-Details'!$B$2:$X$1048576,'Node Details'!H$1,0),"") -> M&G | I250: =_xlfn.IFNA(VLOOKUP($D250,'Route-Details'!$B$2:$X$1048576,'Node Details'!I$1,0),"") -> K0E | J250: =_xlfn.IFNA(VLOOKUP($D250,'Route-Details'!$B$2:$X$1048576,'Node Details'!J$1,0),"") -> K0E | K250: 45046 | L250: 45107 | M250: 45112 | N250: 45107 | Q250: No | BB250: R-10 | BC250: New data for Sep-23 Audit
A251: =A250+1 -> 249 | B251: K0E010103 | C251: 18.5091348,73.8316312 | D251: 0000K0E01-K0E010107 | E251: =_xlfn.IFNA(VLOOKUP($D251,'Route-Details'!$B$2:$X$1048576,'Node Details'!E$1,0),"") -> Airtel | F251: =_xlfn.IFNA(VLOOKUP($D251,'Route-Details'!$B$2:$X$1048576,'Node Details'!F$1,0),"") -> Prabhat Rd 1 | G251: =_xlfn.IFNA(VLOOKUP($D251,'Route-Details'!$B$2:$X$1048576,'Node Details'!G$1,0),"") -> Pune | H251: =_xlfn.IFNA(VLOOKUP($D251,'Route-Details'!$B$2:$X$1048576,'Node Details'!H$1,0),"") -> M&G | I251: =_xlfn.IFNA(VLOOKUP($D251,'Route-Details'!$B$2:$X$1048576,'Node Details'!I$1,0),"") -> K0E | J251: =_xlfn.IFNA(VLOOKUP($D251,'Route-Details'!$B$2:$X$1048576,'Node Details'!J$1,0),"") -> K0E | K251: 45046 | L251: 45107 | M251: 45112 | N251: 45107 | Q251: No | BB251: R-10 | BC251: New data for Sep-23 Audit
A252: =A251+1 -> 250 | B252: K0E010104 | C252: 18.5097006,73.8320208 | D252: 0000K0E01-K0E010105 | E252: =_xlfn.IFNA(VLOOKUP($D252,'Route-Details'!$B$2:$X$1048576,'Node Details'!E$1,0),"") -> Airtel | F252: =_xlfn.IFNA(VLOOKUP($D252,'Route-Details'!$B$2:$X$1048576,'Node Details'!F$1,0),"") -> Prabhat Rd 1 | G252: =_xlfn.IFNA(VLOOKUP($D252,'Route-Details'!$B$2:$X$1048576,'Node Details'!G$1,0),"") -> Pune | H252: =_xlfn.IFNA(VLOOKUP($D252,'Route-Details'!$B$2:$X$1048576,'Node Details'!H$1,0),"") -> M&G | I252: =_xlfn.IFNA(VLOOKUP($D252,'Route-Details'!$B$2:$X$1048576,'Node Details'!I$1,0),"") -> K0E | J252: =_xlfn.IFNA(VLOOKUP($D252,'Route-Details'!$B$2:$X$1048576,'Node Details'!J$1,0),"") -> K0E | K252: 45046 | L252: 45107 | M252: 45112 | N252: 45107 | Q252: No | BB252: R-11 | BC252: New data for Sep-23 Audit
A253: =A252+1 -> 251 | B253: K0E010105 | C253: 18.5098775,73.8315832 | D253: 0000K0E01-K0E010105 | E253: =_xlfn.IFNA(VLOOKUP($D253,'Route-Details'!$B$2:$X$1048576,'Node Details'!E$1,0),"") -> Airtel | F253: =_xlfn.IFNA(VLOOKUP($D253,'Route-Details'!$B$2:$X$1048576,'Node Details'!F$1,0),"") -> Prabhat Rd 1 | G253: =_xlfn.IFNA(VLOOKUP($D253,'Route-Details'!$B$2:$X$1048576,'Node Details'!G$1,0),"") -> Pune | H253: =_xlfn.IFNA(VLOOKUP($D253,'Route-Details'!$B$2:$X$1048576,'Node Details'!H$1,0),"") -> M&G | I253: =_xlfn.IFNA(VLOOKUP($D253,'Route-Details'!$B$2:$X$1048576,'Node Details'!I$1,0),"") -> K0E | J253: =_xlfn.IFNA(VLOOKUP($D253,'Route-Details'!$B$2:$X$1048576,'Node Details'!J$1,0),"") -> K0E | K253: 45046 | L253: 45107 | M253: 45112 | N253: 45107 | Q253: No | BB253: R-11 | BC253: New data for Sep-23 Audit
A254: =A253+1 -> 252 | B254: K0E010106 | C254: 18.5095284,73.83191 | D254: 0000K0E01-K0E010107 | E254: =_xlfn.IFNA(VLOOKUP($D254,'Route-Details'!$B$2:$X$1048576,'Node Details'!E$1,0),"") -> Airtel | F254: =_xlfn.IFNA(VLOOKUP($D254,'Route-Details'!$B$2:$X$1048576,'Node Details'!F$1,0),"") -> Prabhat Rd 1 | G254: =_xlfn.IFNA(VLOOKUP($D254,'Route-Details'!$B$2:$X$1048576,'Node Details'!G$1,0),"") -> Pune | H254: =_xlfn.IFNA(VLOOKUP($D254,'Route-Details'!$B$2:$X$1048576,'Node Details'!H$1,0),"") -> M&G | I254: =_xlfn.IFNA(VLOOKUP($D254,'Route-Details'!$B$2:$X$1048576,'Node Details'!I$1,0),"") -> K0E | J254: =_xlfn.IFNA(VLOOKUP($D254,'Route-Details'!$B$2:$X$1048576,'Node Details'!J$1,0),"") -> K0E | K254: 45046 | L254: 45107 | M254: 45112 | N254: 45107 | Q254: No | BB254: R-10 | BC254: New data for Sep-23 Audit
A255: =A254+1 -> 253 | B255: K0E010107 | C255: 18.5092305,73.8313614 | D255: 0000K0E01-K0E010107 | E255: =_xlfn.IFNA(VLOOKUP($D255,'Route-Details'!$B$2:$X$1048576,'Node Details'!E$1,0),"") -> Airtel | F255: =_xlfn.IFNA(VLOOKUP($D255,'Route-Details'!$B$2:$X$1048576,'Node Details'!F$1,0),"") -> Prabhat Rd 1 | G255: =_xlfn.IFNA(VLOOKUP($D255,'Route-Details'!$B$2:$X$1048576,'Node Details'!G$1,0),"") -> Pune | H255: =_xlfn.IFNA(VLOOKUP($D255,'Route-Details'!$B$2:$X$1048576,'Node Details'!H$1,0),"") -> M&G | I255: =_xlfn.IFNA(VLOOKUP($D255,'Route-Details'!$B$2:$X$1048576,'Node Details'!I$1,0),"") -> K0E | J255: =_xlfn.IFNA(VLOOKUP($D255,'Route-Details'!$B$2:$X$1048576,'Node Details'!J$1,0),"") -> K0E | K255: 45046 | L255: 45107 | M255: 45112 | N255: 45107 | Q255: No | BB255: R-10 | BC255: New data for Sep-23 Audit
A256: =A255+1 -> 254 | B256: K0E010108 | C256: 18.5098655,73.8320886 | D256: 0000K0E01-K0E010108 | E256: =_xlfn.IFNA(VLOOKUP($D256,'Route-Details'!$B$2:$X$1048576,'Node Details'!E$1,0),"") -> Airtel | F256: =_xlfn.IFNA(VLOOKUP($D256,'Route-Details'!$B$2:$X$1048576,'Node Details'!F$1,0),"") -> Prabhat Rd 1 | G256: =_xlfn.IFNA(VLOOKUP($D256,'Route-Details'!$B$2:$X$1048576,'Node Details'!G$1,0),"") -> Pune | H256: =_xlfn.IFNA(VLOOKUP($D256,'Route-Details'!$B$2:$X$1048576,'Node Details'!H$1,0),"") -> M&G | I256: =_xlfn.IFNA(VLOOKUP($D256,'Route-Details'!$B$2:$X$1048576,'Node Details'!I$1,0),"") -> K0E | J256: =_xlfn.IFNA(VLOOKUP($D256,'Route-Details'!$B$2:$X$1048576,'Node Details'!J$1,0),"") -> K0E | K256: 45046 | L256: 45107 | M256: 45112 | N256: 45107 | Q256: No | BB256: R-9 | BC256: New data for Sep-23 Audit
A257: =A256+1 -> 255 | B257: K0E02 | C257: 18.5104254,73.8311511 | D257: 000000K0E-0000K0E04 | E257: =_xlfn.IFNA(VLOOKUP($D257,'Route-Details'!$B$2:$X$1048576,'Node Details'!E$1,0),"") -> Airtel | F257: =_xlfn.IFNA(VLOOKUP($D257,'Route-Details'!$B$2:$X$1048576,'Node Details'!F$1,0),"") -> Prabhat Rd 1 | G257: =_xlfn.IFNA(VLOOKUP($D257,'Route-Details'!$B$2:$X$1048576,'Node Details'!G$1,0),"") -> Pune | H257: =_xlfn.IFNA(VLOOKUP($D257,'Route-Details'!$B$2:$X$1048576,'Node Details'!H$1,0),"") -> M&G | I257: =_xlfn.IFNA(VLOOKUP($D257,'Route-Details'!$B$2:$X$1048576,'Node Details'!I$1,0),"") -> K0E | J257: =_xlfn.IFNA(VLOOKUP($D257,'Route-Details'!$B$2:$X$1048576,'Node Details'!J$1,0),"") -> K0E | K257: 45046 | L257: 45107 | M257: 45112 | N257: 45107 | Q257: No | BB257: R-1 | BC257: New data for Sep-23 Audit
A258: =A257+1 -> 256 | B258: K0E020101 | C258: 18.5104254,73.8311511 | D258: 0000K0E02-K0E020101 | E258: =_xlfn.IFNA(VLOOKUP($D258,'Route-Details'!$B$2:$X$1048576,'Node Details'!E$1,0),"") -> Airtel | F258: =_xlfn.IFNA(VLOOKUP($D258,'Route-Details'!$B$2:$X$1048576,'Node Details'!F$1,0),"") -> Prabhat Rd 1 | G258: =_xlfn.IFNA(VLOOKUP($D258,'Route-Details'!$B$2:$X$1048576,'Node Details'!G$1,0),"") -> Pune | H258: =_xlfn.IFNA(VLOOKUP($D258,'Route-Details'!$B$2:$X$1048576,'Node Details'!H$1,0),"") -> M&G | I258: =_xlfn.IFNA(VLOOKUP($D258,'Route-Details'!$B$2:$X$1048576,'Node Details'!I$1,0),"") -> K0E | J258: =_xlfn.IFNA(VLOOKUP($D258,'Route-Details'!$B$2:$X$1048576,'Node Details'!J$1,0),"") -> K0E | K258: 45046 | L258: 45107 | M258: 45112 | N258: 45107 | Q258: No | BB258: R-14 | BC258: New data for Sep-23 Audit
A259: =A258+1 -> 257 | B259: K0E020102 | C259: 18.5104007,73.8310208 | D259: 0000K0E02-K0E020103 | E259: =_xlfn.IFNA(VLOOKUP($D259,'Route-Details'!$B$2:$X$1048576,'Node Details'!E$1,0),"") -> Airtel | F259: =_xlfn.IFNA(VLOOKUP($D259,'Route-Details'!$B$2:$X$1048576,'Node Details'!F$1,0),"") -> Prabhat Rd 1 | G259: =_xlfn.IFNA(VLOOKUP($D259,'Route-Details'!$B$2:$X$1048576,'Node Details'!G$1,0),"") -> Pune | H259: =_xlfn.IFNA(VLOOKUP($D259,'Route-Details'!$B$2:$X$1048576,'Node Details'!H$1,0),"") -> M&G | I259: =_xlfn.IFNA(VLOOKUP($D259,'Route-Details'!$B$2:$X$1048576,'Node Details'!I$1,0),"") -> K0E | J259: =_xlfn.IFNA(VLOOKUP($D259,'Route-Details'!$B$2:$X$1048576,'Node Details'!J$1,0),"") -> K0E | K259: 45046 | L259: 45107 | M259: 45112 | N259: 45107 | Q259: No | BB259: R-12 | BC259: New data for Sep-23 Audit
... A444: =A443+1 -> 442 | B444: K0E250108 | C444: 18.513489,73.8328378 | D444: 0000K0E25-K0E250108 | E444: =_xlfn.IFNA(VLOOKUP($D444,'Route-Details'!$B$2:$X$1048576,'Node Details'!E$1,0),"") -> Airtel | F444: =_xlfn.IFNA(VLOOKUP($D444,'Route-Details'!$B$2:$X$1048576,'Node Details'!F$1,0),"") -> Prabhat Rd 2 | G444: =_xlfn.IFNA(VLOOKUP($D444,'Route-Details'!$B$2:$X$1048576,'Node Details'!G$1,0),"") -> Pune | H444: =_xlfn.IFNA(VLOOKUP($D444,'Route-Details'!$B$2:$X$1048576,'Node Details'!H$1,0),"") -> M&G | I444: =_xlfn.IFNA(VLOOKUP($D444,'Route-Details'!$B$2:$X$1048576,'Node Details'!I$1,0),"") -> K0E | J444: =_xlfn.IFNA(VLOOKUP($D444,'Route-Details'!$B$2:$X$1048576,'Node Details'!J$1,0),"") -> K0E | K444: 45107 | L444: 45107 | M444: 45112 | N444: 45107 | Q444: No | BB444: R-84 | BC444: New data for Sep-23 Audit
A445: =A444+1 -> 443 | B445: K0E | D445: 000000K0E-0000K0E04 | E445: =_xlfn.IFNA(VLOOKUP($D445,'Route-Details'!$B$2:$X$1048576,'Node Details'!E$1,0),"") -> Airtel | F445: =_xlfn.IFNA(VLOOKUP($D445,'Route-Details'!$B$2:$X$1048576,'Node Details'!F$1,0),"") -> Prabhat Rd 1 | G445: =_xlfn.IFNA(VLOOKUP($D445,'Route-Details'!$B$2:$X$1048576,'Node Details'!G$1,0),"") -> Pune | H445: =_xlfn.IFNA(VLOOKUP($D445,'Route-Details'!$B$2:$X$1048576,'Node Details'!H$1,0),"") -> M&G | I445: =_xlfn.IFNA(VLOOKUP($D445,'Route-Details'!$B$2:$X$1048576,'Node Details'!I$1,0),"") -> K0E | J445: =_xlfn.IFNA(VLOOKUP($D445,'Route-Details'!$B$2:$X$1048576,'Node Details'!J$1,0),"") -> K0E | K445: 45046 | L445: 45107 | M445: 45112 | N445: 45107 | Q445: No | BC445: New data for Sep-23 Audit
A446: =A445+1 -> 444 | B446: M0T01 | C446: 18.662733,73.7956451 | D446: 000DCLM0T-0000M0T03 | E446: =_xlfn.IFNA(VLOOKUP($D446,'Route-Details'!$B$2:$X$1048576,'Node Details'!E$1,0),"") -> Airtel | F446: =_xlfn.IFNA(VLOOKUP($D446,'Route-Details'!$B$2:$X$1048576,'Node Details'!F$1,0),"") -> Sambhajinagar | G446: =_xlfn.IFNA(VLOOKUP($D446,'Route-Details'!$B$2:$X$1048576,'Node Details'!G$1,0),"") -> Pune | H446: =_xlfn.IFNA(VLOOKUP($D446,'Route-Details'!$B$2:$X$1048576,'Node Details'!H$1,0),"") -> M&G | I446: =_xlfn.IFNA(VLOOKUP($D446,'Route-Details'!$B$2:$X$1048576,'Node Details'!I$1,0),"") -> M0T | J446: =_xlfn.IFNA(VLOOKUP($D446,'Route-Details'!$B$2:$X$1048576,'Node Details'!J$1,0),"") -> M0T | K446: 44946 | L446: 44946 | M446: 44946 | N446: 44946 | Q446: No | BB446: R-1 | BC446: New data for Sep-23 Audit
A447: =A446+1 -> 445 | B447: M0T02 | C447: 18.6631647,73.7961472 | D447: 000DCLM0T-0000M0T03 | E447: =_xlfn.IFNA(VLOOKUP($D447,'Route-Details'!$B$2:$X$1048576,'Node Details'!E$1,0),"") -> Airtel | F447: =_xlfn.IFNA(VLOOKUP($D447,'Route-Details'!$B$2:$X$1048576,'Node Details'!F$1,0),"") -> Sambhajinagar | G447: =_xlfn.IFNA(VLOOKUP($D447,'Route-Details'!$B$2:$X$1048576,'Node Details'!G$1,0),"") -> Pune | H447: =_xlfn.IFNA(VLOOKUP($D447,'Route-Details'!$B$2:$X$1048576,'Node Details'!H$1,0),"") -> M&G | I447: =_xlfn.IFNA(VLOOKUP($D447,'Route-Details'!$B$2:$X$1048576,'Node Details'!I$1,0),"") -> M0T | J447: =_xlfn.IFNA(VLOOKUP($D447,'Route-Details'!$B$2:$X$1048576,'Node Details'!J$1,0),"") -> M0T | K447: 44946 | L447: 44946 | M447: 44946 | N447: 44946 | Q447: No | BB447: R-1 | BC447: New data for Sep-23 Audit
A448: =A447+1 -> 446 | B448: M0T03 | C448: 18.6631932,73.7969824 | D448: 000DCLM0T-0000M0T03 | E448: =_xlfn.IFNA(VLOOKUP($D448,'Route-Details'!$B$2:$X$1048576,'Node Details'!E$1,0),"") -> Airtel | F448: =_xlfn.IFNA(VLOOKUP($D448,'Route-Details'!$B$2:$X$1048576,'Node Details'!F$1,0),"") -> Sambhajinagar | G448: =_xlfn.IFNA(VLOOKUP($D448,'Route-Details'!$B$2:$X$1048576,'Node Details'!G$1,0),"") -> Pune | H448: =_xlfn.IFNA(VLOOKUP($D448,'Route-Details'!$B$2:$X$1048576,'Node Details'!H$1,0),"") -> M&G | I448: =_xlfn.IFNA(VLOOKUP($D448,'Route-Details'!$B$2:$X$1048576,'Node Details'!I$1,0),"") -> M0T | J448: =_xlfn.IFNA(VLOOKUP($D448,'Route-Details'!$B$2:$X$1048576,'Node Details'!J$1,0),"") -> M0T | K448: 44946 | L448: 44946 | M448: 44946 | N448: 44946 | Q448: No | BB448: R-1 | BC448: New data for Sep-23 Audit
A449: =A448+1 -> 447 | B449: M0T04 | C449: 18.66102,73.796015 | D449: 000DCLM0T-0000M0T06 | E449: =_xlfn.IFNA(VLOOKUP($D449,'Route-Details'!$B$2:$X$1048576,'Node Details'!E$1,0),"") -> Airtel | F449: =_xlfn.IFNA(VLOOKUP($D449,'Route-Details'!$B$2:$X$1048576,'Node Details'!F$1,0),"") -> Sambhajinagar | G449: =_xlfn.IFNA(VLOOKUP($D449,'Route-Details'!$B$2:$X$1048576,'Node Details'!G$1,0),"") -> Pune | H449: =_xlfn.IFNA(VLOOKUP($D449,'Route-Details'!$B$2:$X$1048576,'Node Details'!H$1,0),"") -> M&G | I449: =_xlfn.IFNA(VLOOKUP($D449,'Route-Details'!$B$2:$X$1048576,'Node Details'!I$1,0),"") -> M0T | J449: =_xlfn.IFNA(VLOOKUP($D449,'Route-Details'!$B$2:$X$1048576,'Node Details'!J$1,0),"") -> M0T | K449: 44946 | L449: 44946 | M449: 44946 | N449: 44946 | Q449: No | BB449: R-2 | BC449: New data for Sep-23 Audit
A450: =A449+1 -> 448 | B450: M0T05 | C450: 18.6620353,73.7971944 | D450: 000DCLM0T-0000M0T06 | E450: =_xlfn.IFNA(VLOOKUP($D450,'Route-Details'!$B$2:$X$1048576,'Node Details'!E$1,0),"") -> Airtel | F450: =_xlfn.IFNA(VLOOKUP($D450,'Route-Details'!$B$2:$X$1048576,'Node Details'!F$1,0),"") -> Sambhajinagar | G450: =_xlfn.IFNA(VLOOKUP($D450,'Route-Details'!$B$2:$X$1048576,'Node Details'!G$1,0),"") -> Pune | H450: =_xlfn.IFNA(VLOOKUP($D450,'Route-Details'!$B$2:$X$1048576,'Node Details'!H$1,0),"") -> M&G | I450: =_xlfn.IFNA(VLOOKUP($D450,'Route-Details'!$B$2:$X$1048576,'Node Details'!I$1,0),"") -> M0T | J450: =_xlfn.IFNA(VLOOKUP($D450,'Route-Details'!$B$2:$X$1048576,'Node Details'!J$1,0),"") -> M0T | K450: 44946 | L450: 44946 | M450: 44946 | N450: 44946 | Q450: No | BB450: R-2 | BC450: New data for Sep-23 Audit
A451: =A450+1 -> 449 | B451: M0T06 | C451: 18.6624067,73.7969301 | D451: 000DCLM0T-0000M0T06 | E451: =_xlfn.IFNA(VLOOKUP($D451,'Route-Details'!$B$2:$X$1048576,'Node Details'!E$1,0),"") -> Airtel | F451: =_xlfn.IFNA(VLOOKUP($D451,'Route-Details'!$B$2:$X$1048576,'Node Details'!F$1,0),"") -> Sambhajinagar | G451: =_xlfn.IFNA(VLOOKUP($D451,'Route-Details'!$B$2:$X$1048576,'Node Details'!G$1,0),"") -> Pune | H451: =_xlfn.IFNA(VLOOKUP($D451,'Route-Details'!$B$2:$X$1048576,'Node Details'!H$1,0),"") -> M&G | I451: =_xlfn.IFNA(VLOOKUP($D451,'Route-Details'!$B$2:$X$1048576,'Node Details'!I$1,0),"") -> M0T | J451: =_xlfn.IFNA(VLOOKUP($D451,'Route-Details'!$B$2:$X$1048576,'Node Details'!J$1,0),"") -> M0T | K451: 44946 | L451: 44946 | M451: 44946 | N451: 44946 | Q451: No | BB451: R-2 | BC451: New data for Sep-23 Audit
A452: =A451+1 -> 450 | B452: M0T07 | C452: 18.6606824,73.7968194 | D452: 000DCLM0T-0000M0T08 | E452: =_xlfn.IFNA(VLOOKUP($D452,'Route-Details'!$B$2:$X$1048576,'Node Details'!E$1,0),"") -> Airtel | F452: =_xlfn.IFNA(VLOOKUP($D452,'Route-Details'!$B$2:$X$1048576,'Node Details'!F$1,0),"") -> Sambhajinagar | G452: =_xlfn.IFNA(VLOOKUP($D452,'Route-Details'!$B$2:$X$1048576,'Node Details'!G$1,0),"") -> Pune | H452: =_xlfn.IFNA(VLOOKUP($D452,'Route-Details'!$B$2:$X$1048576,'Node Details'!H$1,0),"") -> M&G | I452: =_xlfn.IFNA(VLOOKUP($D452,'Route-Details'!$B$2:$X$1048576,'Node Details'!I$1,0),"") -> M0T | J452: =_xlfn.IFNA(VLOOKUP($D452,'Route-Details'!$B$2:$X$1048576,'Node Details'!J$1,0),"") -> M0T | K452: 44946 | L452: 44946 | M452: 44946 | N452: 44946 | Q452: No | BB452: R-3 | BC452: New data for Sep-23 Audit
A453: =A452+1 -> 451 | B453: M0T08 | C453: 18.6614127,73.7978481 | D453: 000DCLM0T-0000M0T08 | E453: =_xlfn.IFNA(VLOOKUP($D453,'Route-Details'!$B$2:$X$1048576,'Node Details'!E$1,0),"") -> Airtel | F453: =_xlfn.IFNA(VLOOKUP($D453,'Route-Details'!$B$2:$X$1048576,'Node Details'!F$1,0),"") -> Sambhajinagar | G453: =_xlfn.IFNA(VLOOKUP($D453,'Route-Details'!$B$2:$X$1048576,'Node Details'!G$1,0),"") -> Pune | H453: =_xlfn.IFNA(VLOOKUP($D453,'Route-Details'!$B$2:$X$1048576,'Node Details'!H$1,0),"") -> M&G | I453: =_xlfn.IFNA(VLOOKUP($D453,'Route-Details'!$B$2:$X$1048576,'Node Details'!I$1,0),"") -> M0T | J453: =_xlfn.IFNA(VLOOKUP($D453,'Route-Details'!$B$2:$X$1048576,'Node Details'!J$1,0),"") -> M0T | K453: 44946 | L453: 44946 | M453: 44946 | N453: 44946 | Q453: No | BB453: R-3 | BC453: New data for Sep-23 Audit
A454: =A453+1 -> 452 | B454: M0T010101 | C454: 18.662733,73.7956451 | D454: 0000M0T01-M0T010101 | E454: =_xlfn.IFNA(VLOOKUP($D454,'Route-Details'!$B$2:$X$1048576,'Node Details'!E$1,0),"") -> Airtel | F454: =_xlfn.IFNA(VLOOKUP($D454,'Route-Details'!$B$2:$X$1048576,'Node Details'!F$1,0),"") -> Sambhajinagar | G454: =_xlfn.IFNA(VLOOKUP($D454,'Route-Details'!$B$2:$X$1048576,'Node Details'!G$1,0),"") -> Pune | H454: =_xlfn.IFNA(VLOOKUP($D454,'Route-Details'!$B$2:$X$1048576,'Node Details'!H$1,0),"") -> M&G | I454: =_xlfn.IFNA(VLOOKUP($D454,'Route-Details'!$B$2:$X$1048576,'Node Details'!I$1,0),"") -> M0T | J454: =_xlfn.IFNA(VLOOKUP($D454,'Route-Details'!$B$2:$X$1048576,'Node Details'!J$1,0),"") -> M0T | K454: 44946 | L454: 44946 | M454: 44946 | N454: 44946 | Q454: No | BB454: R-4 | BC454: New data for Sep-23 Audit
A455: =A454+1 -> 453 | B455: M0T010102 | C455: 18.6629479,73.7953484 | D455: 0000M0T01-M0T010102 | E455: =_xlfn.IFNA(VLOOKUP($D455,'Route-Details'!$B$2:$X$1048576,'Node Details'!E$1,0),"") -> Airtel | F455: =_xlfn.IFNA(VLOOKUP($D455,'Route-Details'!$B$2:$X$1048576,'Node Details'!F$1,0),"") -> Sambhajinagar | G455: =_xlfn.IFNA(VLOOKUP($D455,'Route-Details'!$B$2:$X$1048576,'Node Details'!G$1,0),"") -> Pune | H455: =_xlfn.IFNA(VLOOKUP($D455,'Route-Details'!$B$2:$X$1048576,'Node Details'!H$1,0),"") -> M&G | I455: =_xlfn.IFNA(VLOOKUP($D455,'Route-Details'!$B$2:$X$1048576,'Node Details'!I$1,0),"") -> M0T | J455: =_xlfn.IFNA(VLOOKUP($D455,'Route-Details'!$B$2:$X$1048576,'Node Details'!J$1,0),"") -> M0T | K455: 44946 | L455: 44946 | M455: 44946 | N455: 44946 | Q455: No | BB455: R-5 | BC455: New data for Sep-23 Audit
A456: =A455+1 -> 454 | B456: M0T010103 | C456: 18.662616,73.7957952 | D456: 0000M0T01-M0T010108 | E456: =_xlfn.IFNA(VLOOKUP($D456,'Route-Details'!$B$2:$X$1048576,'Node Details'!E$1,0),"") -> Airtel | F456: =_xlfn.IFNA(VLOOKUP($D456,'Route-Details'!$B$2:$X$1048576,'Node Details'!F$1,0),"") -> Sambhajinagar | G456: =_xlfn.IFNA(VLOOKUP($D456,'Route-Details'!$B$2:$X$1048576,'Node Details'!G$1,0),"") -> Pune | H456: =_xlfn.IFNA(VLOOKUP($D456,'Route-Details'!$B$2:$X$1048576,'Node Details'!H$1,0),"") -> M&G | I456: =_xlfn.IFNA(VLOOKUP($D456,'Route-Details'!$B$2:$X$1048576,'Node Details'!I$1,0),"") -> M0T | J456: =_xlfn.IFNA(VLOOKUP($D456,'Route-Details'!$B$2:$X$1048576,'Node Details'!J$1,0),"") -> M0T | K456: 44946 | L456: 44946 | M456: 44946 | N456: 44946 | Q456: No | BB456: R-6 | BC456: New data for Sep-23 Audit
A457: =A456+1 -> 455 | B457: M0T010107 | C457: 18.6626563,73.7959146 | D457: 0000M0T01-M0T010108 | E457: =_xlfn.IFNA(VLOOKUP($D457,'Route-Details'!$B$2:$X$1048576,'Node Details'!E$1,0),"") -> Airtel | F457: =_xlfn.IFNA(VLOOKUP($D457,'Route-Details'!$B$2:$X$1048576,'Node Details'!F$1,0),"") -> Sambhajinagar | G457: =_xlfn.IFNA(VLOOKUP($D457,'Route-Details'!$B$2:$X$1048576,'Node Details'!G$1,0),"") -> Pune | H457: =_xlfn.IFNA(VLOOKUP($D457,'Route-Details'!$B$2:$X$1048576,'Node Details'!H$1,0),"") -> M&G | I457: =_xlfn.IFNA(VLOOKUP($D457,'Route-Details'!$B$2:$X$1048576,'Node Details'!I$1,0),"") -> M0T | J457: =_xlfn.IFNA(VLOOKUP($D457,'Route-Details'!$B$2:$X$1048576,'Node Details'!J$1,0),"") -> M0T | K457: 44946 | L457: 44946 | M457: 44946 | N457: 44946 | Q457: No | BB457: R-6 | BC457: New data for Sep-23 Audit
... A505: =A504+1 -> 503 | B505: M0T080104 | C505: 18.6608924,73.7976488 | D505: 0000M0T08-M0T080104 | E505: =_xlfn.IFNA(VLOOKUP($D505,'Route-Details'!$B$2:$X$1048576,'Node Details'!E$1,0),"") -> Airtel | F505: =_xlfn.IFNA(VLOOKUP($D505,'Route-Details'!$B$2:$X$1048576,'Node Details'!F$1,0),"") -> Sambhajinagar | G505: =_xlfn.IFNA(VLOOKUP($D505,'Route-Details'!$B$2:$X$1048576,'Node Details'!G$1,0),"") -> Pune | H505: =_xlfn.IFNA(VLOOKUP($D505,'Route-Details'!$B$2:$X$1048576,'Node Details'!H$1,0),"") -> M&G | I505: =_xlfn.IFNA(VLOOKUP($D505,'Route-Details'!$B$2:$X$1048576,'Node Details'!I$1,0),"") -> M0T | J505: =_xlfn.IFNA(VLOOKUP($D505,'Route-Details'!$B$2:$X$1048576,'Node Details'!J$1,0),"") -> M0T | K505: 45105 | L505: 44946 | M505: 44946 | N505: 44946 | Q505: No | BB505: R-30 | BC505: New data for Sep-23 Audit
A506: =A505+1 -> 504 | B506: M0T | D506: 000DCLM0T-0000M0T03 | E506: =_xlfn.IFNA(VLOOKUP($D506,'Route-Details'!$B$2:$X$1048576,'Node Details'!E$1,0),"") -> Airtel | F506: =_xlfn.IFNA(VLOOKUP($D506,'Route-Details'!$B$2:$X$1048576,'Node Details'!F$1,0),"") -> Sambhajinagar | G506: =_xlfn.IFNA(VLOOKUP($D506,'Route-Details'!$B$2:$X$1048576,'Node Details'!G$1,0),"") -> Pune | H506: =_xlfn.IFNA(VLOOKUP($D506,'Route-Details'!$B$2:$X$1048576,'Node Details'!H$1,0),"") -> M&G | I506: =_xlfn.IFNA(VLOOKUP($D506,'Route-Details'!$B$2:$X$1048576,'Node Details'!I$1,0),"") -> M0T | J506: =_xlfn.IFNA(VLOOKUP($D506,'Route-Details'!$B$2:$X$1048576,'Node Details'!J$1,0),"") -> M0T | K506: 44946 | L506: 44946 | M506: 44946 | N506: 44946 | Q506: No | BC506: New data for Sep-23 Audit
A507: =A506+1 -> 505 | B507: S8P01 | C507: 18.65104,73.7711317 | D507: 000000S8P-0000S8P14 | E507: =_xlfn.IFNA(VLOOKUP($D507,'Route-Details'!$B$2:$X$1048576,'Node Details'!E$1,0),"") -> Airtel | F507: =_xlfn.IFNA(VLOOKUP($D507,'Route-Details'!$B$2:$X$1048576,'Node Details'!F$1,0),"") -> Nigdi 332 | G507: =_xlfn.IFNA(VLOOKUP($D507,'Route-Details'!$B$2:$X$1048576,'Node Details'!G$1,0),"") -> Pune | H507: =_xlfn.IFNA(VLOOKUP($D507,'Route-Details'!$B$2:$X$1048576,'Node Details'!H$1,0),"") -> M&G | I507: =_xlfn.IFNA(VLOOKUP($D507,'Route-Details'!$B$2:$X$1048576,'Node Details'!I$1,0),"") -> S8P | J507: =_xlfn.IFNA(VLOOKUP($D507,'Route-Details'!$B$2:$X$1048576,'Node Details'!J$1,0),"") -> S8P | K507: 45062.779 | L507: 45169 | M507: 45212 | N507: 45169 | Q507: No | BB507: R-1 | BC507: New data for Sep-23 Audit
A508: =A507+1 -> 506 | B508: S8P02 | C508: 18.6493263,73.7734882 | D508: 000000S8P-0000S8P14 | E508: =_xlfn.IFNA(VLOOKUP($D508,'Route-Details'!$B$2:$X$1048576,'Node Details'!E$1,0),"") -> Airtel | F508: =_xlfn.IFNA(VLOOKUP($D508,'Route-Details'!$B$2:$X$1048576,'Node Details'!F$1,0),"") -> Nigdi 332 | G508: =_xlfn.IFNA(VLOOKUP($D508,'Route-Details'!$B$2:$X$1048576,'Node Details'!G$1,0),"") -> Pune | H508: =_xlfn.IFNA(VLOOKUP($D508,'Route-Details'!$B$2:$X$1048576,'Node Details'!H$1,0),"") -> M&G | I508: =_xlfn.IFNA(VLOOKUP($D508,'Route-Details'!$B$2:$X$1048576,'Node Details'!I$1,0),"") -> S8P | J508: =_xlfn.IFNA(VLOOKUP($D508,'Route-Details'!$B$2:$X$1048576,'Node Details'!J$1,0),"") -> S8P | K508: 45062.779 | L508: 45169 | M508: 45212 | N508: 45169 | Q508: No | BB508: R-1 | BC508: New data for Sep-23 Audit
A509: =A508+1 -> 507 | B509: S8P03 | C509: 18.6500085,73.7751642 | D509: 000000S8P-0000S8P14 | E509: =_xlfn.IFNA(VLOOKUP($D509,'Route-Details'!$B$2:$X$1048576,'Node Details'!E$1,0),"") -> Airtel | F509: =_xlfn.IFNA(VLOOKUP($D509,'Route-Details'!$B$2:$X$1048576,'Node Details'!F$1,0),"") -> Nigdi 332 | G509: =_xlfn.IFNA(VLOOKUP($D509,'Route-Details'!$B$2:$X$1048576,'Node Details'!G$1,0),"") -> Pune | H509: =_xlfn.IFNA(VLOOKUP($D509,'Route-Details'!$B$2:$X$1048576,'Node Details'!H$1,0),"") -> M&G | I509: =_xlfn.IFNA(VLOOKUP($D509,'Route-Details'!$B$2:$X$1048576,'Node Details'!I$1,0),"") -> S8P | J509: =_xlfn.IFNA(VLOOKUP($D509,'Route-Details'!$B$2:$X$1048576,'Node Details'!J$1,0),"") -> S8P | K509: 45062.779 | L509: 45169 | M509: 45212 | N509: 45169 | Q509: No | BB509: R-1 | BC509: New data for Sep-23 Audit
A510: =A509+1 -> 508 | B510: S8P04 | C510: 18.6515712,73.774756 | D510: 000000S8P-0000S8P14 | E510: =_xlfn.IFNA(VLOOKUP($D510,'Route-Details'!$B$2:$X$1048576,'Node Details'!E$1,0),"") -> Airtel | F510: =_xlfn.IFNA(VLOOKUP($D510,'Route-Details'!$B$2:$X$1048576,'Node Details'!F$1,0),"") -> Nigdi 332 | G510: =_xlfn.IFNA(VLOOKUP($D510,'Route-Details'!$B$2:$X$1048576,'Node Details'!G$1,0),"") -> Pune | H510: =_xlfn.IFNA(VLOOKUP($D510,'Route-Details'!$B$2:$X$1048576,'Node Details'!H$1,0),"") -> M&G | I510: =_xlfn.IFNA(VLOOKUP($D510,'Route-Details'!$B$2:$X$1048576,'Node Details'!I$1,0),"") -> S8P | J510: =_xlfn.IFNA(VLOOKUP($D510,'Route-Details'!$B$2:$X$1048576,'Node Details'!J$1,0),"") -> S8P | K510: 45062.779 | L510: 45169 | M510: 45212 | N510: 45169 | Q510: No | BB510: R-1 | BC510: New data for Sep-23 Audit
A511: =A510+1 -> 509 | B511: S8P05 | C511: 18.651832,73.7732206 | D511: 000000S8P-0000S8P07 | E511: =_xlfn.IFNA(VLOOKUP($D511,'Route-Details'!$B$2:$X$1048576,'Node Details'!E$1,0),"") -> Airtel | F511: =_xlfn.IFNA(VLOOKUP($D511,'Route-Details'!$B$2:$X$1048576,'Node Details'!F$1,0),"") -> Nigdi 332 | G511: =_xlfn.IFNA(VLOOKUP($D511,'Route-Details'!$B$2:$X$1048576,'Node Details'!G$1,0),"") -> Pune | H511: =_xlfn.IFNA(VLOOKUP($D511,'Route-Details'!$B$2:$X$1048576,'Node Details'!H$1,0),"") -> M&G | I511: =_xlfn.IFNA(VLOOKUP($D511,'Route-Details'!$B$2:$X$1048576,'Node Details'!I$1,0),"") -> S8P | J511: =_xlfn.IFNA(VLOOKUP($D511,'Route-Details'!$B$2:$X$1048576,'Node Details'!J$1,0),"") -> S8P | K511: 45073.709 | L511: 45169 | M511: 45212 | N511: 45169 | Q511: No | BB511: R-5 | BC511: New data for Sep-23 Audit
A512: =A511+1 -> 510 | B512: S8P06 | C512: 18.6538509,73.773463 | D512: 000000S8P-0000S8P07 | E512: =_xlfn.IFNA(VLOOKUP($D512,'Route-Details'!$B$2:$X$1048576,'Node Details'!E$1,0),"") -> Airtel | F512: =_xlfn.IFNA(VLOOKUP($D512,'Route-Details'!$B$2:$X$1048576,'Node Details'!F$1,0),"") -> Nigdi 332 | G512: =_xlfn.IFNA(VLOOKUP($D512,'Route-Details'!$B$2:$X$1048576,'Node Details'!G$1,0),"") -> Pune | H512: =_xlfn.IFNA(VLOOKUP($D512,'Route-Details'!$B$2:$X$1048576,'Node Details'!H$1,0),"") -> M&G | I512: =_xlfn.IFNA(VLOOKUP($D512,'Route-Details'!$B$2:$X$1048576,'Node Details'!I$1,0),"") -> S8P | J512: =_xlfn.IFNA(VLOOKUP($D512,'Route-Details'!$B$2:$X$1048576,'Node Details'!J$1,0),"") -> S8P | K512: 45073.709 | L512: 45169 | M512: 45212 | N512: 45169 | Q512: No | BB512: R-5 | BC512: New data for Sep-23 Audit
A513: =A512+1 -> 511 | B513: S8P07 | C513: 18.6552942,73.7734516 | D513: 000000S8P-0000S8P07 | E513: =_xlfn.IFNA(VLOOKUP($D513,'Route-Details'!$B$2:$X$1048576,'Node Details'!E$1,0),"") -> Airtel | F513: =_xlfn.IFNA(VLOOKUP($D513,'Route-Details'!$B$2:$X$1048576,'Node Details'!F$1,0),"") -> Nigdi 332 | G513: =_xlfn.IFNA(VLOOKUP($D513,'Route-Details'!$B$2:$X$1048576,'Node Details'!G$1,0),"") -> Pune | H513: =_xlfn.IFNA(VLOOKUP($D513,'Route-Details'!$B$2:$X$1048576,'Node Details'!H$1,0),"") -> M&G | I513: =_xlfn.IFNA(VLOOKUP($D513,'Route-Details'!$B$2:$X$1048576,'Node Details'!I$1,0),"") -> S8P | J513: =_xlfn.IFNA(VLOOKUP($D513,'Route-Details'!$B$2:$X$1048576,'Node Details'!J$1,0),"") -> S8P | K513: 45073.709 | L513: 45169 | M513: 45212 | N513: 45169 | Q513: No | BB513: R-5 | BC513: New data for Sep-23 Audit
A514: =A513+1 -> 512 | B514: S8P08 | C514: 18.653247,73.7742772 | D514: 0000S8P06-0000S8P08 | E514: =_xlfn.IFNA(VLOOKUP($D514,'Route-Details'!$B$2:$X$1048576,'Node Details'!E$1,0),"") -> Airtel | F514: =_xlfn.IFNA(VLOOKUP($D514,'Route-Details'!$B$2:$X$1048576,'Node Details'!F$1,0),"") -> Nigdi 332 | G514: =_xlfn.IFNA(VLOOKUP($D514,'Route-Details'!$B$2:$X$1048576,'Node Details'!G$1,0),"") -> Pune | H514: =_xlfn.IFNA(VLOOKUP($D514,'Route-Details'!$B$2:$X$1048576,'Node Details'!H$1,0),"") -> M&G | I514: =_xlfn.IFNA(VLOOKUP($D514,'Route-Details'!$B$2:$X$1048576,'Node Details'!I$1,0),"") -> S8P | J514: =_xlfn.IFNA(VLOOKUP($D514,'Route-Details'!$B$2:$X$1048576,'Node Details'!J$1,0),"") -> S8P | K514: 45075.744 | L514: 45169 | M514: 45212 | N514: 45169 | Q514: No | BB514: R-6 | BC514: New data for Sep-23 Audit
A515: =A514+1 -> 513 | B515: S8P09 | C515: 18.6542975,73.7723666 | D515: 0000S8P06-0000S8P10 | E515: =_xlfn.IFNA(VLOOKUP($D515,'Route-Details'!$B$2:$X$1048576,'Node Details'!E$1,0),"") -> Airtel | F515: =_xlfn.IFNA(VLOOKUP($D515,'Route-Details'!$B$2:$X$1048576,'Node Details'!F$1,0),"") -> Nigdi 332 | G515: =_xlfn.IFNA(VLOOKUP($D515,'Route-Details'!$B$2:$X$1048576,'Node Details'!G$1,0),"") -> Pune | H515: =_xlfn.IFNA(VLOOKUP($D515,'Route-Details'!$B$2:$X$1048576,'Node Details'!H$1,0),"") -> M&G | I515: =_xlfn.IFNA(VLOOKUP($D515,'Route-Details'!$B$2:$X$1048576,'Node Details'!I$1,0),"") -> S8P | J515: =_xlfn.IFNA(VLOOKUP($D515,'Route-Details'!$B$2:$X$1048576,'Node Details'!J$1,0),"") -> S8P | K515: 45076.502 | L515: 45169 | M515: 45212 | N515: 45169 | Q515: No | BB515: R-7 | BC515: New data for Sep-23 Audit
A516: =A515+1 -> 514 | B516: S8P10 | C516: 18.6539354,73.7714935 | D516: 0000S8P06-0000S8P10 | E516: =_xlfn.IFNA(VLOOKUP($D516,'Route-Details'!$B$2:$X$1048576,'Node Details'!E$1,0),"") -> Airtel | F516: =_xlfn.IFNA(VLOOKUP($D516,'Route-Details'!$B$2:$X$1048576,'Node Details'!F$1,0),"") -> Nigdi 332 | G516: =_xlfn.IFNA(VLOOKUP($D516,'Route-Details'!$B$2:$X$1048576,'Node Details'!G$1,0),"") -> Pune | H516: =_xlfn.IFNA(VLOOKUP($D516,'Route-Details'!$B$2:$X$1048576,'Node Details'!H$1,0),"") -> M&G | I516: =_xlfn.IFNA(VLOOKUP($D516,'Route-Details'!$B$2:$X$1048576,'Node Details'!I$1,0),"") -> S8P | J516: =_xlfn.IFNA(VLOOKUP($D516,'Route-Details'!$B$2:$X$1048576,'Node Details'!J$1,0),"") -> S8P | K516: 45076.502 | L516: 45169 | M516: 45212 | N516: 45169 | Q516: No | BB516: R-7 | BC516: New data for Sep-23 Audit
A517: =A516+1 -> 515 | B517: S8P11 | C517: 18.6527927,73.7707446 | D517: 000000S8P-0000S8P16 | E517: =_xlfn.IFNA(VLOOKUP($D517,'Route-Details'!$B$2:$X$1048576,'Node Details'!E$1,0),"") -> Airtel | F517: =_xlfn.IFNA(VLOOKUP($D517,'Route-Details'!$B$2:$X$1048576,'Node Details'!F$1,0),"") -> Nigdi 332 | G517: =_xlfn.IFNA(VLOOKUP($D517,'Route-Details'!$B$2:$X$1048576,'Node Details'!G$1,0),"") -> Pune | H517: =_xlfn.IFNA(VLOOKUP($D517,'Route-Details'!$B$2:$X$1048576,'Node Details'!H$1,0),"") -> M&G | I517: =_xlfn.IFNA(VLOOKUP($D517,'Route-Details'!$B$2:$X$1048576,'Node Details'!I$1,0),"") -> S8P | J517: =_xlfn.IFNA(VLOOKUP($D517,'Route-Details'!$B$2:$X$1048576,'Node Details'!J$1,0),"") -> S8P | K517: 45096.592 | L517: 45169 | M517: 45212 | N517: 45169 | Q517: No | BB517: R-3 | BC517: New data for Sep-23 Audit
A518: =A517+1 -> 516 | B518: S8P12 | C518: 18.6513257,73.7706242 | D518: 000000S8P-0000S8P12 | E518: =_xlfn.IFNA(VLOOKUP($D518,'Route-Details'!$B$2:$X$1048576,'Node Details'!E$1,0),"") -> Airtel | F518: =_xlfn.IFNA(VLOOKUP($D518,'Route-Details'!$B$2:$X$1048576,'Node Details'!F$1,0),"") -> Nigdi 332 | G518: =_xlfn.IFNA(VLOOKUP($D518,'Route-Details'!$B$2:$X$1048576,'Node Details'!G$1,0),"") -> Pune | H518: =_xlfn.IFNA(VLOOKUP($D518,'Route-Details'!$B$2:$X$1048576,'Node Details'!H$1,0),"") -> M&G | I518: =_xlfn.IFNA(VLOOKUP($D518,'Route-Details'!$B$2:$X$1048576,'Node Details'!I$1,0),"") -> S8P | J518: =_xlfn.IFNA(VLOOKUP($D518,'Route-Details'!$B$2:$X$1048576,'Node Details'!J$1,0),"") -> S8P | K518: 45097.644 | L518: 45169 | M518: 45212 | N518: 45169 | Q518: No | BB518: R-4 | BC518: New data for Sep-23 Audit
... A696: =A695+1 -> 694 | B696: 04O240103 | C696: 18.6580382,73.7719265 | D696: 000004O24-04O240103 | E696: =_xlfn.IFNA(VLOOKUP($D696,'Route-Details'!$B$2:$X$1048576,'Node Details'!E$1,0),"") -> Airtel | F696: =_xlfn.IFNA(VLOOKUP($D696,'Route-Details'!$B$2:$X$1048576,'Node Details'!F$1,0),"") -> Nigdi 308 | G696: =_xlfn.IFNA(VLOOKUP($D696,'Route-Details'!$B$2:$X$1048576,'Node Details'!G$1,0),"") -> Pune | H696: =_xlfn.IFNA(VLOOKUP($D696,'Route-Details'!$B$2:$X$1048576,'Node Details'!H$1,0),"") -> M&G | I696: =_xlfn.IFNA(VLOOKUP($D696,'Route-Details'!$B$2:$X$1048576,'Node Details'!I$1,0),"") -> 04O | J696: =_xlfn.IFNA(VLOOKUP($D696,'Route-Details'!$B$2:$X$1048576,'Node Details'!J$1,0),"") -> 04O | K696: 45107 | L696: 45107 | M696: 45150 | N696: 45107 | Q696: No | BB696: R-36 | BC696: New data for Sep-23 Audit
A697: =A696+1 -> 695 | B697: 04O190107 | C697: 18.65953, 73.77486 | D697: 000004O19-04O190107 | E697: =_xlfn.IFNA(VLOOKUP($D697,'Route-Details'!$B$2:$X$1048576,'Node Details'!E$1,0),"") -> Airtel | F697: =_xlfn.IFNA(VLOOKUP($D697,'Route-Details'!$B$2:$X$1048576,'Node Details'!F$1,0),"") -> Nigdi 308 | G697: =_xlfn.IFNA(VLOOKUP($D697,'Route-Details'!$B$2:$X$1048576,'Node Details'!G$1,0),"") -> Pune | H697: =_xlfn.IFNA(VLOOKUP($D697,'Route-Details'!$B$2:$X$1048576,'Node Details'!H$1,0),"") -> M&G | I697: =_xlfn.IFNA(VLOOKUP($D697,'Route-Details'!$B$2:$X$1048576,'Node Details'!I$1,0),"") -> 04O | J697: =_xlfn.IFNA(VLOOKUP($D697,'Route-Details'!$B$2:$X$1048576,'Node Details'!J$1,0),"") -> 04O | K697: 45107 | L697: 45107 | M697: 45150 | N697: 45107 | Q697: No | BC697: New data for Sep-23 Audit
A698: =A697+1 -> 696 | B698: 04O530108 | C698: 18.657197473.7738717 | D698: 000004O53-04O530108 | E698: =_xlfn.IFNA(VLOOKUP($D698,'Route-Details'!$B$2:$X$1048576,'Node Details'!E$1,0),"") -> Airtel | F698: =_xlfn.IFNA(VLOOKUP($D698,'Route-Details'!$B$2:$X$1048576,'Node Details'!F$1,0),"") -> Nigdi 308 | G698: =_xlfn.IFNA(VLOOKUP($D698,'Route-Details'!$B$2:$X$1048576,'Node Details'!G$1,0),"") -> Pune | H698: =_xlfn.IFNA(VLOOKUP($D698,'Route-Details'!$B$2:$X$1048576,'Node Details'!H$1,0),"") -> M&G | I698: =_xlfn.IFNA(VLOOKUP($D698,'Route-Details'!$B$2:$X$1048576,'Node Details'!I$1,0),"") -> 04O | J698: =_xlfn.IFNA(VLOOKUP($D698,'Route-Details'!$B$2:$X$1048576,'Node Details'!J$1,0),"") -> 04O | K698: 45107 | L698: 45107 | M698: 45150 | N698: 45107 | Q698: No | BB698: R-27 | BC698: New data for Sep-23 Audit
A699: =A698+1 -> 697 | B699: S8P | D699: 000000S8P-0000S8P16 | E699: =_xlfn.IFNA(VLOOKUP($D699,'Route-Details'!$B$2:$X$1048576,'Node Details'!E$1,0),"") -> Airtel | F699: =_xlfn.IFNA(VLOOKUP($D699,'Route-Details'!$B$2:$X$1048576,'Node Details'!F$1,0),"") -> Nigdi 332 | G699: =_xlfn.IFNA(VLOOKUP($D699,'Route-Details'!$B$2:$X$1048576,'Node Details'!G$1,0),"") -> Pune | H699: =_xlfn.IFNA(VLOOKUP($D699,'Route-Details'!$B$2:$X$1048576,'Node Details'!H$1,0),"") -> M&G | I699: =_xlfn.IFNA(VLOOKUP($D699,'Route-Details'!$B$2:$X$1048576,'Node Details'!I$1,0),"") -> S8P | J699: =_xlfn.IFNA(VLOOKUP($D699,'Route-Details'!$B$2:$X$1048576,'Node Details'!J$1,0),"") -> S8P | K699: 45096.592 | L699: 45169 | M699: 45212 | N699: 45169 | Q699: No | BC699: New data for Sep-23 Audit
A700: =A699+1 -> 698 | B700: 04O | C700: 18.6580672,73.7758571 | D700: 00000004O-000004O20 | E700: =_xlfn.IFNA(VLOOKUP($D700,'Route-Details'!$B$2:$X$1048576,'Node Details'!E$1,0),"") -> Airtel | F700: =_xlfn.IFNA(VLOOKUP($D700,'Route-Details'!$B$2:$X$1048576,'Node Details'!F$1,0),"") -> Nigdi 308 | G700: =_xlfn.IFNA(VLOOKUP($D700,'Route-Details'!$B$2:$X$1048576,'Node Details'!G$1,0),"") -> Pune | H700: =_xlfn.IFNA(VLOOKUP($D700,'Route-Details'!$B$2:$X$1048576,'Node Details'!H$1,0),"") -> M&G | I700: =_xlfn.IFNA(VLOOKUP($D700,'Route-Details'!$B$2:$X$1048576,'Node Details'!I$1,0),"") -> 04O | J700: =_xlfn.IFNA(VLOOKUP($D700,'Route-Details'!$B$2:$X$1048576,'Node Details'!J$1,0),"") -> 04O | K700: 45107 | L700: 45107 | M700: 45150 | N700: 45107 | Q700: No | BC700: New data for Sep-23 Audit
A701: =A700+1 -> 699 | B701: 04O520107 | C701: 18.657407673.7739037 | D701: 04O520104-04O520107 | E701: =_xlfn.IFNA(VLOOKUP($D701,'Route-Details'!$B$2:$X$1048576,'Node Details'!E$1,0),"") -> Airtel | F701: =_xlfn.IFNA(VLOOKUP($D701,'Route-Details'!$B$2:$X$1048576,'Node Details'!F$1,0),"") -> Nigdi 308 | G701: =_xlfn.IFNA(VLOOKUP($D701,'Route-Details'!$B$2:$X$1048576,'Node Details'!G$1,0),"") -> Pune | H701: =_xlfn.IFNA(VLOOKUP($D701,'Route-Details'!$B$2:$X$1048576,'Node Details'!H$1,0),"") -> M&G | I701: =_xlfn.IFNA(VLOOKUP($D701,'Route-Details'!$B$2:$X$1048576,'Node Details'!I$1,0),"") -> 04O | J701: =_xlfn.IFNA(VLOOKUP($D701,'Route-Details'!$B$2:$X$1048576,'Node Details'!J$1,0),"") -> 04O | K701: 45149 | L701: 45148 | M701: 45150 | N701: 45148 | Q701: No | BB701: R-38 | BC701: New data for Sep-23 Audit
A702: =A701+1 -> 700 | B702: 04O530105 | C702: 18.656893573.7730632 | D702: 04O530104-04O530105 | E702: =_xlfn.IFNA(VLOOKUP($D702,'Route-Details'!$B$2:$X$1048576,'Node Details'!E$1,0),"") -> Airtel | F702: =_xlfn.IFNA(VLOOKUP($D702,'Route-Details'!$B$2:$X$1048576,'Node Details'!F$1,0),"") -> Nigdi 308 | G702: =_xlfn.IFNA(VLOOKUP($D702,'Route-Details'!$B$2:$X$1048576,'Node Details'!G$1,0),"") -> Pune | H702: =_xlfn.IFNA(VLOOKUP($D702,'Route-Details'!$B$2:$X$1048576,'Node Details'!H$1,0),"") -> M&G | I702: =_xlfn.IFNA(VLOOKUP($D702,'Route-Details'!$B$2:$X$1048576,'Node Details'!I$1,0),"") -> 04O | J702: =_xlfn.IFNA(VLOOKUP($D702,'Route-Details'!$B$2:$X$1048576,'Node Details'!J$1,0),"") -> 04O | K702: 45149 | L702: 45148 | M702: 45150 | N702: 45148 | Q702: No | BB702: R-39 | BC702: New data for Sep-23 Audit
A703: =A702+1 -> 701 | B703: 04O530106 | C703: 18.656880773.7736089 | D703: 04O530102-04O530107 | E703: =_xlfn.IFNA(VLOOKUP($D703,'Route-Details'!$B$2:$X$1048576,'Node Details'!E$1,0),"") -> Airtel | F703: =_xlfn.IFNA(VLOOKUP($D703,'Route-Details'!$B$2:$X$1048576,'Node Details'!F$1,0),"") -> Nigdi 308 | G703: =_xlfn.IFNA(VLOOKUP($D703,'Route-Details'!$B$2:$X$1048576,'Node Details'!G$1,0),"") -> Pune | H703: =_xlfn.IFNA(VLOOKUP($D703,'Route-Details'!$B$2:$X$1048576,'Node Details'!H$1,0),"") -> M&G | I703: =_xlfn.IFNA(VLOOKUP($D703,'Route-Details'!$B$2:$X$1048576,'Node Details'!I$1,0),"") -> 04O | J703: =_xlfn.IFNA(VLOOKUP($D703,'Route-Details'!$B$2:$X$1048576,'Node Details'!J$1,0),"") -> 04O | K703: 45149 | L703: 45148 | M703: 45150 | N703: 45148 | Q703: No | BB703: R-40 | BC703: New data for Sep-23 Audit
A704: =A703+1 -> 702 | B704: 04O530107 | C704: 18.656701273.7737263 | D704: 04O530102-04O530107 | E704: =_xlfn.IFNA(VLOOKUP($D704,'Route-Details'!$B$2:$X$1048576,'Node Details'!E$1,0),"") -> Airtel | F704: =_xlfn.IFNA(VLOOKUP($D704,'Route-Details'!$B$2:$X$1048576,'Node Details'!F$1,0),"") -> Nigdi 308 | G704: =_xlfn.IFNA(VLOOKUP($D704,'Route-Details'!$B$2:$X$1048576,'Node Details'!G$1,0),"") -> Pune | H704: =_xlfn.IFNA(VLOOKUP($D704,'Route-Details'!$B$2:$X$1048576,'Node Details'!H$1,0),"") -> M&G | I704: =_xlfn.IFNA(VLOOKUP($D704,'Route-Details'!$B$2:$X$1048576,'Node Details'!I$1,0),"") -> 04O | J704: =_xlfn.IFNA(VLOOKUP($D704,'Route-Details'!$B$2:$X$1048576,'Node Details'!J$1,0),"") -> 04O | K704: 45149 | L704: 45148 | M704: 45150 | N704: 45148 | Q704: No | BB704: R-40 | BC704: New data for Sep-23 Audit
A705: =A704+1 -> 703 | B705: 04O540108 | C705: 18.656578373.7727204 | D705: 04O540106-04O540108 | E705: =_xlfn.IFNA(VLOOKUP($D705,'Route-Details'!$B$2:$X$1048576,'Node Details'!E$1,0),"") -> Airtel | F705: =_xlfn.IFNA(VLOOKUP($D705,'Route-Details'!$B$2:$X$1048576,'Node Details'!F$1,0),"") -> Nigdi 308 | G705: =_xlfn.IFNA(VLOOKUP($D705,'Route-Details'!$B$2:$X$1048576,'Node Details'!G$1,0),"") -> Pune | H705: =_xlfn.IFNA(VLOOKUP($D705,'Route-Details'!$B$2:$X$1048576,'Node Details'!H$1,0),"") -> M&G | I705: =_xlfn.IFNA(VLOOKUP($D705,'Route-Details'!$B$2:$X$1048576,'Node Details'!I$1,0),"") -> 04O | J705: =_xlfn.IFNA(VLOOKUP($D705,'Route-Details'!$B$2:$X$1048576,'Node Details'!J$1,0),"") -> 04O | K705: 45149 | L705: 45148 | M705: 45150 | N705: 45148 | Q705: No | BB705: R-41 | BC705: New data for Sep-23 Audit
A706: =A705+1 -> 704 | B706: 04O550106 | C706: 18.656995773.7720211 | D706: 04O550101-04O550106 | E706: =_xlfn.IFNA(VLOOKUP($D706,'Route-Details'!$B$2:$X$1048576,'Node Details'!E$1,0),"") -> Airtel | F706: =_xlfn.IFNA(VLOOKUP($D706,'Route-Details'!$B$2:$X$1048576,'Node Details'!F$1,0),"") -> Nigdi 308 | G706: =_xlfn.IFNA(VLOOKUP($D706,'Route-Details'!$B$2:$X$1048576,'Node Details'!G$1,0),"") -> Pune | H706: =_xlfn.IFNA(VLOOKUP($D706,'Route-Details'!$B$2:$X$1048576,'Node Details'!H$1,0),"") -> M&G | I706: =_xlfn.IFNA(VLOOKUP($D706,'Route-Details'!$B$2:$X$1048576,'Node Details'!I$1,0),"") -> 04O | J706: =_xlfn.IFNA(VLOOKUP($D706,'Route-Details'!$B$2:$X$1048576,'Node Details'!J$1,0),"") -> 04O | K706: 45149 | L706: 45148 | M706: 45150 | N706: 45148 | Q706: No | BB706: R-42 | BC706: New data for Sep-23 Audit
A707: =A706+1 -> 705 | B707: 04O180107 | C707: 18.661502273.7710351 | D707: 04O180105-04O180107 | E707: =_xlfn.IFNA(VLOOKUP($D707,'Route-Details'!$B$2:$X$1048576,'Node Details'!E$1,0),"") -> Airtel | F707: =_xlfn.IFNA(VLOOKUP($D707,'Route-Details'!$B$2:$X$1048576,'Node Details'!F$1,0),"") -> Nigdi 308 | G707: =_xlfn.IFNA(VLOOKUP($D707,'Route-Details'!$B$2:$X$1048576,'Node Details'!G$1,0),"") -> Pune | H707: =_xlfn.IFNA(VLOOKUP($D707,'Route-Details'!$B$2:$X$1048576,'Node Details'!H$1,0),"") -> M&G | I707: =_xlfn.IFNA(VLOOKUP($D707,'Route-Details'!$B$2:$X$1048576,'Node Details'!I$1,0),"") -> 04O | J707: =_xlfn.IFNA(VLOOKUP($D707,'Route-Details'!$B$2:$X$1048576,'Node Details'!J$1,0),"") -> 04O | K707: 45149 | L707: 45148 | M707: 45150 | N707: 45148 | Q707: No | BB707: R-43 | BC707: New data for Sep-23 Audit
A708: =A707+1 -> 706 | B708: 04O180108 | C708: 18.659445273.7720722 | D708: 04O180101-04O180108 | E708: =_xlfn.IFNA(VLOOKUP($D708,'Route-Details'!$B$2:$X$1048576,'Node Details'!E$1,0),"") -> Airtel | F708: =_xlfn.IFNA(VLOOKUP($D708,'Route-Details'!$B$2:$X$1048576,'Node Details'!F$1,0),"") -> Nigdi 308 | G708: =_xlfn.IFNA(VLOOKUP($D708,'Route-Details'!$B$2:$X$1048576,'Node Details'!G$1,0),"") -> Pune | H708: =_xlfn.IFNA(VLOOKUP($D708,'Route-Details'!$B$2:$X$1048576,'Node Details'!H$1,0),"") -> M&G | I708: =_xlfn.IFNA(VLOOKUP($D708,'Route-Details'!$B$2:$X$1048576,'Node Details'!I$1,0),"") -> 04O | J708: =_xlfn.IFNA(VLOOKUP($D708,'Route-Details'!$B$2:$X$1048576,'Node Details'!J$1,0),"") -> 04O | K708: 45149 | L708: 45148 | M708: 45150 | N708: 45148 | Q708: No | BB708: R-44 | BC708: New data for Sep-23 Audit
A709: =A708+1 -> 707 | B709: 04O200106 | C709: 18.66051 , 73.77291 | D709: 04O200104-04O200106 | E709: =_xlfn.IFNA(VLOOKUP($D709,'Route-Details'!$B$2:$X$1048576,'Node Details'!E$1,0),"") -> Airtel | F709: =_xlfn.IFNA(VLOOKUP($D709,'Route-Details'!$B$2:$X$1048576,'Node Details'!F$1,0),"") -> Nigdi 308 | G709: =_xlfn.IFNA(VLOOKUP($D709,'Route-Details'!$B$2:$X$1048576,'Node Details'!G$1,0),"") -> Pune | H709: =_xlfn.IFNA(VLOOKUP($D709,'Route-Details'!$B$2:$X$1048576,'Node Details'!H$1,0),"") -> M&G | I709: =_xlfn.IFNA(VLOOKUP($D709,'Route-Details'!$B$2:$X$1048576,'Node Details'!I$1,0),"") -> 04O | J709: =_xlfn.IFNA(VLOOKUP($D709,'Route-Details'!$B$2:$X$1048576,'Node Details'!J$1,0),"") -> 04O | K709: 45149 | L709: 45148 | M709: 45150 | N709: 45148 | Q709: No | BB709: R-45 | BC709: New data for Sep-23 Audit
A710: =A709+1 -> 708 | B710: 04O200107 | C710: 18.661198973.7720643 | D710: 04O200101-04O200107 | E710: =_xlfn.IFNA(VLOOKUP($D710,'Route-Details'!$B$2:$X$1048576,'Node Details'!E$1,0),"") -> Airtel | F710: =_xlfn.IFNA(VLOOKUP($D710,'Route-Details'!$B$2:$X$1048576,'Node Details'!F$1,0),"") -> Nigdi 308 | G710: =_xlfn.IFNA(VLOOKUP($D710,'Route-Details'!$B$2:$X$1048576,'Node Details'!G$1,0),"") -> Pune | H710: =_xlfn.IFNA(VLOOKUP($D710,'Route-Details'!$B$2:$X$1048576,'Node Details'!H$1,0),"") -> M&G | I710: =_xlfn.IFNA(VLOOKUP($D710,'Route-Details'!$B$2:$X$1048576,'Node Details'!I$1,0),"") -> 04O | J710: =_xlfn.IFNA(VLOOKUP($D710,'Route-Details'!$B$2:$X$1048576,'Node Details'!J$1,0),"") -> 04O | K710: 45149 | L710: 45148 | M710: 45150 | N710: 45148 | Q710: No | BB710: R-46 | BC710: New data for Sep-23 Audit
A711: =A710+1 -> 709 | B711: 04O210104 | C711: 18.658620673.7752635 | D711: 000004O21-04O210106 | E711: =_xlfn.IFNA(VLOOKUP($D711,'Route-Details'!$B$2:$X$1048576,'Node Details'!E$1,0),"") -> Airtel | F711: =_xlfn.IFNA(VLOOKUP($D711,'Route-Details'!$B$2:$X$1048576,'Node Details'!F$1,0),"") -> Nigdi 308 | G711: =_xlfn.IFNA(VLOOKUP($D711,'Route-Details'!$B$2:$X$1048576,'Node Details'!G$1,0),"") -> Pune | H711: =_xlfn.IFNA(VLOOKUP($D711,'Route-Details'!$B$2:$X$1048576,'Node Details'!H$1,0),"") -> M&G | I711: =_xlfn.IFNA(VLOOKUP($D711,'Route-Details'!$B$2:$X$1048576,'Node Details'!I$1,0),"") -> 04O | J711: =_xlfn.IFNA(VLOOKUP($D711,'Route-Details'!$B$2:$X$1048576,'Node Details'!J$1,0),"") -> 04O | K711: 45149 | L711: 45148 | M711: 45150 | N711: 45148 | Q711: No | BB711: R-47 | BC711: New data for Sep-23 Audit
A712: =A711+1 -> 710 | B712: 04O210105 | C712: 18.658673573.7746186 | D712: 000004O21-04O210106 | E712: =_xlfn.IFNA(VLOOKUP($D712,'Route-Details'!$B$2:$X$1048576,'Node Details'!E$1,0),"") -> Airtel | F712: =_xlfn.IFNA(VLOOKUP($D712,'Route-Details'!$B$2:$X$1048576,'Node Details'!F$1,0),"") -> Nigdi 308 | G712: =_xlfn.IFNA(VLOOKUP($D712,'Route-Details'!$B$2:$X$1048576,'Node Details'!G$1,0),"") -> Pune | H712: =_xlfn.IFNA(VLOOKUP($D712,'Route-Details'!$B$2:$X$1048576,'Node Details'!H$1,0),"") -> M&G | I712: =_xlfn.IFNA(VLOOKUP($D712,'Route-Details'!$B$2:$X$1048576,'Node Details'!I$1,0),"") -> 04O | J712: =_xlfn.IFNA(VLOOKUP($D712,'Route-Details'!$B$2:$X$1048576,'Node Details'!J$1,0),"") -> 04O | K712: 45149 | L712: 45148 | M712: 45150 | N712: 45148 | Q712: No | BB712: R-47 | BC712: New data for Sep-23 Audit
... A802: =A801+1 -> 800 | B802: S6J160104 | C802: 18.6421659,73.7743368 | D802: 0000S6J16-S6J160104 | E802: =_xlfn.IFNA(VLOOKUP($D802,'Route-Details'!$B$2:$X$1048576,'Node Details'!E$1,0),"") -> Airtel | F802: =_xlfn.IFNA(VLOOKUP($D802,'Route-Details'!$B$2:$X$1048576,'Node Details'!F$1,0),"") -> Bijalinagar 337 | G802: =_xlfn.IFNA(VLOOKUP($D802,'Route-Details'!$B$2:$X$1048576,'Node Details'!G$1,0),"") -> Pune | H802: =_xlfn.IFNA(VLOOKUP($D802,'Route-Details'!$B$2:$X$1048576,'Node Details'!H$1,0),"") -> M&G | I802: =_xlfn.IFNA(VLOOKUP($D802,'Route-Details'!$B$2:$X$1048576,'Node Details'!I$1,0),"") -> S6J | J802: =_xlfn.IFNA(VLOOKUP($D802,'Route-Details'!$B$2:$X$1048576,'Node Details'!J$1,0),"") -> S6J | K802: 45148 | L802: 45148 | M802: 45150 | N802: 45148 | Q802: No | BB802: R-29 | BC802: New data for Sep-23 Audit
A803: =A802+1 -> 801 | B803: S6J | D803: 000000S6J-0000S6J06 | E803: =_xlfn.IFNA(VLOOKUP($D803,'Route-Details'!$B$2:$X$1048576,'Node Details'!E$1,0),"") -> Airtel | F803: =_xlfn.IFNA(VLOOKUP($D803,'Route-Details'!$B$2:$X$1048576,'Node Details'!F$1,0),"") -> Bijalinagar 337 | G803: =_xlfn.IFNA(VLOOKUP($D803,'Route-Details'!$B$2:$X$1048576,'Node Details'!G$1,0),"") -> Pune | H803: =_xlfn.IFNA(VLOOKUP($D803,'Route-Details'!$B$2:$X$1048576,'Node Details'!H$1,0),"") -> M&G | I803: =_xlfn.IFNA(VLOOKUP($D803,'Route-Details'!$B$2:$X$1048576,'Node Details'!I$1,0),"") -> S6J | J803: =_xlfn.IFNA(VLOOKUP($D803,'Route-Details'!$B$2:$X$1048576,'Node Details'!J$1,0),"") -> S6J | K803: 45148 | L803: 45148 | M803: 45150 | N803: 45148 | Q803: No | BC803: New data for Sep-23 Audit
A804: =A803+1 -> 802 | B804: S6J010107 | C804: 18.6438,73.7728 | D804: S6J010106-S6J010107 | E804: =_xlfn.IFNA(VLOOKUP($D804,'Route-Details'!$B$2:$X$1048576,'Node Details'!E$1,0),"") -> Airtel | F804: =_xlfn.IFNA(VLOOKUP($D804,'Route-Details'!$B$2:$X$1048576,'Node Details'!F$1,0),"") -> Bijalinagar 337 | G804: =_xlfn.IFNA(VLOOKUP($D804,'Route-Details'!$B$2:$X$1048576,'Node Details'!G$1,0),"") -> Pune | H804: =_xlfn.IFNA(VLOOKUP($D804,'Route-Details'!$B$2:$X$1048576,'Node Details'!H$1,0),"") -> M&G | I804: =_xlfn.IFNA(VLOOKUP($D804,'Route-Details'!$B$2:$X$1048576,'Node Details'!I$1,0),"") -> S6J | J804: =_xlfn.IFNA(VLOOKUP($D804,'Route-Details'!$B$2:$X$1048576,'Node Details'!J$1,0),"") -> S6J | K804: 45161 | L804: 45184 | M804: 45212 | N804: 45184 | Q804: No | BB804: R-30 | BC804: New data for Sep-23 Audit
A805: =A804+1 -> 803 | B805: S6J020105 | C805: 18.6437,73.7736 | D805: S6J020101-S6J020107 | E805: =_xlfn.IFNA(VLOOKUP($D805,'Route-Details'!$B$2:$X$1048576,'Node Details'!E$1,0),"") -> Airtel | F805: =_xlfn.IFNA(VLOOKUP($D805,'Route-Details'!$B$2:$X$1048576,'Node Details'!F$1,0),"") -> Bijalinagar 337 | G805: =_xlfn.IFNA(VLOOKUP($D805,'Route-Details'!$B$2:$X$1048576,'Node Details'!G$1,0),"") -> Pune | H805: =_xlfn.IFNA(VLOOKUP($D805,'Route-Details'!$B$2:$X$1048576,'Node Details'!H$1,0),"") -> M&G | I805: =_xlfn.IFNA(VLOOKUP($D805,'Route-Details'!$B$2:$X$1048576,'Node Details'!I$1,0),"") -> S6J | J805: =_xlfn.IFNA(VLOOKUP($D805,'Route-Details'!$B$2:$X$1048576,'Node Details'!J$1,0),"") -> S6J | K805: 45167 | L805: 45184 | M805: 45212 | N805: 45184 | Q805: No | BB805: R-31 | BC805: New data for Sep-23 Audit
A806: =A805+1 -> 804 | B806: S6J020106 | C806: 18.6434,73.7737 | D806: S6J020103-S6J020106 | E806: =_xlfn.IFNA(VLOOKUP($D806,'Route-Details'!$B$2:$X$1048576,'Node Details'!E$1,0),"") -> Airtel | F806: =_xlfn.IFNA(VLOOKUP($D806,'Route-Details'!$B$2:$X$1048576,'Node Details'!F$1,0),"") -> Bijalinagar 337 | G806: =_xlfn.IFNA(VLOOKUP($D806,'Route-Details'!$B$2:$X$1048576,'Node Details'!G$1,0),"") -> Pune | H806: =_xlfn.IFNA(VLOOKUP($D806,'Route-Details'!$B$2:$X$1048576,'Node Details'!H$1,0),"") -> M&G | I806: =_xlfn.IFNA(VLOOKUP($D806,'Route-Details'!$B$2:$X$1048576,'Node Details'!I$1,0),"") -> S6J | J806: =_xlfn.IFNA(VLOOKUP($D806,'Route-Details'!$B$2:$X$1048576,'Node Details'!J$1,0),"") -> S6J | K806: 45167 | L806: 45184 | M806: 45212 | N806: 45184 | Q806: No | BB806: R-32 | BC806: New data for Sep-23 Audit
A807: =A806+1 -> 805 | B807: S6J020107 | C807: 18.6437,73.7737 | D807: S6J020101-S6J020107 | E807: =_xlfn.IFNA(VLOOKUP($D807,'Route-Details'!$B$2:$X$1048576,'Node Details'!E$1,0),"") -> Airtel | F807: =_xlfn.IFNA(VLOOKUP($D807,'Route-Details'!$B$2:$X$1048576,'Node Details'!F$1,0),"") -> Bijalinagar 337 | G807: =_xlfn.IFNA(VLOOKUP($D807,'Route-Details'!$B$2:$X$1048576,'Node Details'!G$1,0),"") -> Pune | H807: =_xlfn.IFNA(VLOOKUP($D807,'Route-Details'!$B$2:$X$1048576,'Node Details'!H$1,0),"") -> M&G | I807: =_xlfn.IFNA(VLOOKUP($D807,'Route-Details'!$B$2:$X$1048576,'Node Details'!I$1,0),"") -> S6J | J807: =_xlfn.IFNA(VLOOKUP($D807,'Route-Details'!$B$2:$X$1048576,'Node Details'!J$1,0),"") -> S6J | K807: 45167 | L807: 45184 | M807: 45212 | N807: 45184 | Q807: No | BB807: R-31 | BC807: New data for Sep-23 Audit
A808: =A807+1 -> 806 | B808: S6J030105 | C808: 18.6437,73.7741 | D808: S6J030103-S6J030107 | E808: =_xlfn.IFNA(VLOOKUP($D808,'Route-Details'!$B$2:$X$1048576,'Node Details'!E$1,0),"") -> Airtel | F808: =_xlfn.IFNA(VLOOKUP($D808,'Route-Details'!$B$2:$X$1048576,'Node Details'!F$1,0),"") -> Bijalinagar 337 | G808: =_xlfn.IFNA(VLOOKUP($D808,'Route-Details'!$B$2:$X$1048576,'Node Details'!G$1,0),"") -> Pune | H808: =_xlfn.IFNA(VLOOKUP($D808,'Route-Details'!$B$2:$X$1048576,'Node Details'!H$1,0),"") -> M&G | I808: =_xlfn.IFNA(VLOOKUP($D808,'Route-Details'!$B$2:$X$1048576,'Node Details'!I$1,0),"") -> S6J | J808: =_xlfn.IFNA(VLOOKUP($D808,'Route-Details'!$B$2:$X$1048576,'Node Details'!J$1,0),"") -> S6J | K808: 45161 | L808: 45184 | M808: 45212 | N808: 45184 | Q808: No | BB808: R-33 | BC808: New data for Sep-23 Audit
A809: =A808+1 -> 807 | B809: S6J030106 | C809: 18.6437 ,73.7745 | D809: S6J030103-S6J030107 | E809: =_xlfn.IFNA(VLOOKUP($D809,'Route-Details'!$B$2:$X$1048576,'Node Details'!E$1,0),"") -> Airtel | F809: =_xlfn.IFNA(VLOOKUP($D809,'Route-Details'!$B$2:$X$1048576,'Node Details'!F$1,0),"") -> Bijalinagar 337 | G809: =_xlfn.IFNA(VLOOKUP($D809,'Route-Details'!$B$2:$X$1048576,'Node Details'!G$1,0),"") -> Pune | H809: =_xlfn.IFNA(VLOOKUP($D809,'Route-Details'!$B$2:$X$1048576,'Node Details'!H$1,0),"") -> M&G | I809: =_xlfn.IFNA(VLOOKUP($D809,'Route-Details'!$B$2:$X$1048576,'Node Details'!I$1,0),"") -> S6J | J809: =_xlfn.IFNA(VLOOKUP($D809,'Route-Details'!$B$2:$X$1048576,'Node Details'!J$1,0),"") -> S6J | K809: 45161 | L809: 45184 | M809: 45212 | N809: 45184 | Q809: No | BB809: R-33 | BC809: New data for Sep-23 Audit
A810: =A809+1 -> 808 | B810: S6J030107 | C810: 18.6437,73.7746 | D810: S6J030103-S6J030107 | E810: =_xlfn.IFNA(VLOOKUP($D810,'Route-Details'!$B$2:$X$1048576,'Node Details'!E$1,0),"") -> Airtel | F810: =_xlfn.IFNA(VLOOKUP($D810,'Route-Details'!$B$2:$X$1048576,'Node Details'!F$1,0),"") -> Bijalinagar 337 | G810: =_xlfn.IFNA(VLOOKUP($D810,'Route-Details'!$B$2:$X$1048576,'Node Details'!G$1,0),"") -> Pune | H810: =_xlfn.IFNA(VLOOKUP($D810,'Route-Details'!$B$2:$X$1048576,'Node Details'!H$1,0),"") -> M&G | I810: =_xlfn.IFNA(VLOOKUP($D810,'Route-Details'!$B$2:$X$1048576,'Node Details'!I$1,0),"") -> S6J | J810: =_xlfn.IFNA(VLOOKUP($D810,'Route-Details'!$B$2:$X$1048576,'Node Details'!J$1,0),"") -> S6J | K810: 45161 | L810: 45184 | M810: 45212 | N810: 45184 | Q810: No | BB810: R-33 | BC810: New data for Sep-23 Audit
A811: =A810+1 -> 809 | B811: S6J040105 | C811: 18.6433,73.7756 | D811: S6J040104-S6J040106 | E811: =_xlfn.IFNA(VLOOKUP($D811,'Route-Details'!$B$2:$X$1048576,'Node Details'!E$1,0),"") -> Airtel | F811: =_xlfn.IFNA(VLOOKUP($D811,'Route-Details'!$B$2:$X$1048576,'Node Details'!F$1,0),"") -> Bijalinagar 337 | G811: =_xlfn.IFNA(VLOOKUP($D811,'Route-Details'!$B$2:$X$1048576,'Node Details'!G$1,0),"") -> Pune | H811: =_xlfn.IFNA(VLOOKUP($D811,'Route-Details'!$B$2:$X$1048576,'Node Details'!H$1,0),"") -> M&G | I811: =_xlfn.IFNA(VLOOKUP($D811,'Route-Details'!$B$2:$X$1048576,'Node Details'!I$1,0),"") -> S6J | J811: =_xlfn.IFNA(VLOOKUP($D811,'Route-Details'!$B$2:$X$1048576,'Node Details'!J$1,0),"") -> S6J | K811: 45152 | L811: 45184 | M811: 45212 | N811: 45184 | Q811: No | BB811: R-34 | BC811: New data for Sep-23 Audit
A812: =A811+1 -> 810 | B812: S6J040106 | C812: 18.65127,73.77514 | D812: S6J040104-S6J040106 | E812: =_xlfn.IFNA(VLOOKUP($D812,'Route-Details'!$B$2:$X$1048576,'Node Details'!E$1,0),"") -> Airtel | F812: =_xlfn.IFNA(VLOOKUP($D812,'Route-Details'!$B$2:$X$1048576,'Node Details'!F$1,0),"") -> Bijalinagar 337 | G812: =_xlfn.IFNA(VLOOKUP($D812,'Route-Details'!$B$2:$X$1048576,'Node Details'!G$1,0),"") -> Pune | H812: =_xlfn.IFNA(VLOOKUP($D812,'Route-Details'!$B$2:$X$1048576,'Node Details'!H$1,0),"") -> M&G | I812: =_xlfn.IFNA(VLOOKUP($D812,'Route-Details'!$B$2:$X$1048576,'Node Details'!I$1,0),"") -> S6J | J812: =_xlfn.IFNA(VLOOKUP($D812,'Route-Details'!$B$2:$X$1048576,'Node Details'!J$1,0),"") -> S6J | K812: 45152 | L812: 45184 | M812: 45212 | N812: 45184 | Q812: No | BB812: R-34 | BC812: New data for Sep-23 Audit
A813: =A812+1 -> 811 | B813: S6J050108 | C813: 18.6437,73.776 | D813: S6J050102-S6J050108 | E813: =_xlfn.IFNA(VLOOKUP($D813,'Route-Details'!$B$2:$X$1048576,'Node Details'!E$1,0),"") -> Airtel | F813: =_xlfn.IFNA(VLOOKUP($D813,'Route-Details'!$B$2:$X$1048576,'Node Details'!F$1,0),"") -> Bijalinagar 337 | G813: =_xlfn.IFNA(VLOOKUP($D813,'Route-Details'!$B$2:$X$1048576,'Node Details'!G$1,0),"") -> Pune | H813: =_xlfn.IFNA(VLOOKUP($D813,'Route-Details'!$B$2:$X$1048576,'Node Details'!H$1,0),"") -> M&G | I813: =_xlfn.IFNA(VLOOKUP($D813,'Route-Details'!$B$2:$X$1048576,'Node Details'!I$1,0),"") -> S6J | J813: =_xlfn.IFNA(VLOOKUP($D813,'Route-Details'!$B$2:$X$1048576,'Node Details'!J$1,0),"") -> S6J | K813: 45163 | L813: 45184 | M813: 45212 | N813: 45184 | Q813: No | BB813: R-35 | BC813: New data for Sep-23 Audit
A814: =A813+1 -> 812 | B814: S6J060106 | C814: 18.6434,73.775 | D814: S6J060105-S6J060106 | E814: =_xlfn.IFNA(VLOOKUP($D814,'Route-Details'!$B$2:$X$1048576,'Node Details'!E$1,0),"") -> Airtel | F814: =_xlfn.IFNA(VLOOKUP($D814,'Route-Details'!$B$2:$X$1048576,'Node Details'!F$1,0),"") -> Bijalinagar 337 | G814: =_xlfn.IFNA(VLOOKUP($D814,'Route-Details'!$B$2:$X$1048576,'Node Details'!G$1,0),"") -> Pune | H814: =_xlfn.IFNA(VLOOKUP($D814,'Route-Details'!$B$2:$X$1048576,'Node Details'!H$1,0),"") -> M&G | I814: =_xlfn.IFNA(VLOOKUP($D814,'Route-Details'!$B$2:$X$1048576,'Node Details'!I$1,0),"") -> S6J | J814: =_xlfn.IFNA(VLOOKUP($D814,'Route-Details'!$B$2:$X$1048576,'Node Details'!J$1,0),"") -> S6J | K814: 45183 | L814: 45184 | M814: 45212 | N814: 45184 | Q814: No | BB814: R-36 | BC814: New data for Sep-23 Audit
A815: =A814+1 -> 813 | B815: S6J060107 | C815: 18.643,73.7749 | D815: S6J060104-S6J060107 | E815: =_xlfn.IFNA(VLOOKUP($D815,'Route-Details'!$B$2:$X$1048576,'Node Details'!E$1,0),"") -> Airtel | F815: =_xlfn.IFNA(VLOOKUP($D815,'Route-Details'!$B$2:$X$1048576,'Node Details'!F$1,0),"") -> Bijalinagar 337 | G815: =_xlfn.IFNA(VLOOKUP($D815,'Route-Details'!$B$2:$X$1048576,'Node Details'!G$1,0),"") -> Pune | H815: =_xlfn.IFNA(VLOOKUP($D815,'Route-Details'!$B$2:$X$1048576,'Node Details'!H$1,0),"") -> M&G | I815: =_xlfn.IFNA(VLOOKUP($D815,'Route-Details'!$B$2:$X$1048576,'Node Details'!I$1,0),"") -> S6J | J815: =_xlfn.IFNA(VLOOKUP($D815,'Route-Details'!$B$2:$X$1048576,'Node Details'!J$1,0),"") -> S6J | K815: 45183 | L815: 45184 | M815: 45212 | N815: 45184 | Q815: No | BB815: R-37 | BC815: New data for Sep-23 Audit
... A972: =A971+1 -> 970 | B972: S8O130106 | C972: 18.6615467,73.7678557 | D972: S8O130104-S8O130106 | E972: =_xlfn.IFNA(VLOOKUP($D972,'Route-Details'!$B$2:$X$1048576,'Node Details'!E$1,0),"") -> Airtel | F972: =_xlfn.IFNA(VLOOKUP($D972,'Route-Details'!$B$2:$X$1048576,'Node Details'!F$1,0),"") -> Nigdi 4133 | G972: =_xlfn.IFNA(VLOOKUP($D972,'Route-Details'!$B$2:$X$1048576,'Node Details'!G$1,0),"") -> Pune | H972: =_xlfn.IFNA(VLOOKUP($D972,'Route-Details'!$B$2:$X$1048576,'Node Details'!H$1,0),"") -> M&G | I972: =_xlfn.IFNA(VLOOKUP($D972,'Route-Details'!$B$2:$X$1048576,'Node Details'!I$1,0),"") -> S8O | J972: =_xlfn.IFNA(VLOOKUP($D972,'Route-Details'!$B$2:$X$1048576,'Node Details'!J$1,0),"") -> S8O | K972: 45198 | L972: 45199 | M972: 45233 | N972: 45199 | Q972: No | BB972: R-51 | BC972: New data for Sep-23 Audit
A973: =A972+1 -> 971 | B973: S8O | D973: 000000S8O-0000S8O03 | E973: =_xlfn.IFNA(VLOOKUP($D973,'Route-Details'!$B$2:$X$1048576,'Node Details'!E$1,0),"") -> Airtel | F973: =_xlfn.IFNA(VLOOKUP($D973,'Route-Details'!$B$2:$X$1048576,'Node Details'!F$1,0),"") -> Nigdi 4133 | G973: =_xlfn.IFNA(VLOOKUP($D973,'Route-Details'!$B$2:$X$1048576,'Node Details'!G$1,0),"") -> Pune | H973: =_xlfn.IFNA(VLOOKUP($D973,'Route-Details'!$B$2:$X$1048576,'Node Details'!H$1,0),"") -> M&G | I973: =_xlfn.IFNA(VLOOKUP($D973,'Route-Details'!$B$2:$X$1048576,'Node Details'!I$1,0),"") -> S8O | J973: =_xlfn.IFNA(VLOOKUP($D973,'Route-Details'!$B$2:$X$1048576,'Node Details'!J$1,0),"") -> S8O | K973: 45198 | L973: 45199 | M973: 45233 | N973: 45199 | Q973: No | BC973: New data for Sep-23 Audit
A974: =A973+1 -> 972 | B974: S8O14 | C974: 18.66086,73.7678636 | D974: 000000S8O-0000S8O14 | E974: =_xlfn.IFNA(VLOOKUP($D974,'Route-Details'!$B$2:$X$1048576,'Node Details'!E$1,0),"") -> Airtel | F974: =_xlfn.IFNA(VLOOKUP($D974,'Route-Details'!$B$2:$X$1048576,'Node Details'!F$1,0),"") -> Nigdi 4133 | G974: =_xlfn.IFNA(VLOOKUP($D974,'Route-Details'!$B$2:$X$1048576,'Node Details'!G$1,0),"") -> Pune | H974: =_xlfn.IFNA(VLOOKUP($D974,'Route-Details'!$B$2:$X$1048576,'Node Details'!H$1,0),"") -> M&G | I974: =_xlfn.IFNA(VLOOKUP($D974,'Route-Details'!$B$2:$X$1048576,'Node Details'!I$1,0),"") -> S8O | J974: =_xlfn.IFNA(VLOOKUP($D974,'Route-Details'!$B$2:$X$1048576,'Node Details'!J$1,0),"") -> S8O | K974: 45198 | L974: 45199 | M974: 45233 | N974: 45199 | Q974: No | BB974: R-5 | BC974: New data for Sep-23 Audit
A975: =A974+1 -> 973 | B975: S8O140101 | C975: 18.6617416,73.7685296 | D975: 0000S8O14-S8O140101 | E975: =_xlfn.IFNA(VLOOKUP($D975,'Route-Details'!$B$2:$X$1048576,'Node Details'!E$1,0),"") -> Airtel | F975: =_xlfn.IFNA(VLOOKUP($D975,'Route-Details'!$B$2:$X$1048576,'Node Details'!F$1,0),"") -> Nigdi 4133 | G975: =_xlfn.IFNA(VLOOKUP($D975,'Route-Details'!$B$2:$X$1048576,'Node Details'!G$1,0),"") -> Pune | H975: =_xlfn.IFNA(VLOOKUP($D975,'Route-Details'!$B$2:$X$1048576,'Node Details'!H$1,0),"") -> M&G | I975: =_xlfn.IFNA(VLOOKUP($D975,'Route-Details'!$B$2:$X$1048576,'Node Details'!I$1,0),"") -> S8O | J975: =_xlfn.IFNA(VLOOKUP($D975,'Route-Details'!$B$2:$X$1048576,'Node Details'!J$1,0),"") -> S8O | K975: 45198 | L975: 45199 | M975: 45233 | N975: 45199 | Q975: No | BB975: R-41 | BC975: New data for Sep-23 Audit
A976: =A975+1 -> 974 | B976: S8O140102 | C976: 18.6617416,73.7685296 | D976: 0000S8O14-S8O140102 | E976: =_xlfn.IFNA(VLOOKUP($D976,'Route-Details'!$B$2:$X$1048576,'Node Details'!E$1,0),"") -> Airtel | F976: =_xlfn.IFNA(VLOOKUP($D976,'Route-Details'!$B$2:$X$1048576,'Node Details'!F$1,0),"") -> Nigdi 4133 | G976: =_xlfn.IFNA(VLOOKUP($D976,'Route-Details'!$B$2:$X$1048576,'Node Details'!G$1,0),"") -> Pune | H976: =_xlfn.IFNA(VLOOKUP($D976,'Route-Details'!$B$2:$X$1048576,'Node Details'!H$1,0),"") -> M&G | I976: =_xlfn.IFNA(VLOOKUP($D976,'Route-Details'!$B$2:$X$1048576,'Node Details'!I$1,0),"") -> S8O | J976: =_xlfn.IFNA(VLOOKUP($D976,'Route-Details'!$B$2:$X$1048576,'Node Details'!J$1,0),"") -> S8O | K976: 45198 | L976: 45199 | M976: 45233 | N976: 45199 | Q976: No | BB976: R-42 | BC976: New data for Sep-23 Audit
A977: =A976+1 -> 975 | B977: S8O140103 | C977: 18.6617416,73.7685296 | D977: 0000S8O14-S8O140103 | E977: =_xlfn.IFNA(VLOOKUP($D977,'Route-Details'!$B$2:$X$1048576,'Node Details'!E$1,0),"") -> Airtel | F977: =_xlfn.IFNA(VLOOKUP($D977,'Route-Details'!$B$2:$X$1048576,'Node Details'!F$1,0),"") -> Nigdi 4133 | G977: =_xlfn.IFNA(VLOOKUP($D977,'Route-Details'!$B$2:$X$1048576,'Node Details'!G$1,0),"") -> Pune | H977: =_xlfn.IFNA(VLOOKUP($D977,'Route-Details'!$B$2:$X$1048576,'Node Details'!H$1,0),"") -> M&G | I977: =_xlfn.IFNA(VLOOKUP($D977,'Route-Details'!$B$2:$X$1048576,'Node Details'!I$1,0),"") -> S8O | J977: =_xlfn.IFNA(VLOOKUP($D977,'Route-Details'!$B$2:$X$1048576,'Node Details'!J$1,0),"") -> S8O | K977: 45198 | L977: 45199 | M977: 45233 | N977: 45199 | Q977: No | BB977: R-43 | BC977: New data for Sep-23 Audit
A978: =A977+1 -> 976 | B978: S8O140104 | C978: 18.6618127,73.7683709 | D978: S8O140103-S8O140104 | E978: =_xlfn.IFNA(VLOOKUP($D978,'Route-Details'!$B$2:$X$1048576,'Node Details'!E$1,0),"") -> Airtel | F978: =_xlfn.IFNA(VLOOKUP($D978,'Route-Details'!$B$2:$X$1048576,'Node Details'!F$1,0),"") -> Nigdi 4133 | G978: =_xlfn.IFNA(VLOOKUP($D978,'Route-Details'!$B$2:$X$1048576,'Node Details'!G$1,0),"") -> Pune | H978: =_xlfn.IFNA(VLOOKUP($D978,'Route-Details'!$B$2:$X$1048576,'Node Details'!H$1,0),"") -> M&G | I978: =_xlfn.IFNA(VLOOKUP($D978,'Route-Details'!$B$2:$X$1048576,'Node Details'!I$1,0),"") -> S8O | J978: =_xlfn.IFNA(VLOOKUP($D978,'Route-Details'!$B$2:$X$1048576,'Node Details'!J$1,0),"") -> S8O | K978: 45198 | L978: 45199 | M978: 45233 | N978: 45199 | Q978: No | BB978: R-52 | BC978: New data for Sep-23 Audit
A979: =A978+1 -> 977 | B979: S8O140105 | C979: 18.6617416,73.7685296 | D979: 0000S8O14-S8O140107 | E979: =_xlfn.IFNA(VLOOKUP($D979,'Route-Details'!$B$2:$X$1048576,'Node Details'!E$1,0),"") -> Airtel | F979: =_xlfn.IFNA(VLOOKUP($D979,'Route-Details'!$B$2:$X$1048576,'Node Details'!F$1,0),"") -> Nigdi 4133 | G979: =_xlfn.IFNA(VLOOKUP($D979,'Route-Details'!$B$2:$X$1048576,'Node Details'!G$1,0),"") -> Pune | H979: =_xlfn.IFNA(VLOOKUP($D979,'Route-Details'!$B$2:$X$1048576,'Node Details'!H$1,0),"") -> M&G | I979: =_xlfn.IFNA(VLOOKUP($D979,'Route-Details'!$B$2:$X$1048576,'Node Details'!I$1,0),"") -> S8O | J979: =_xlfn.IFNA(VLOOKUP($D979,'Route-Details'!$B$2:$X$1048576,'Node Details'!J$1,0),"") -> S8O | K979: 45198 | L979: 45199 | M979: 45233 | N979: 45199 | Q979: No | BB979: R-61 | BC979: New data for Sep-23 Audit
A980: =A979+1 -> 978 | B980: S8O140106 | C980: 18.66183,73.76899 | D980: 0000S8O14-S8O140107 | E980: =_xlfn.IFNA(VLOOKUP($D980,'Route-Details'!$B$2:$X$1048576,'Node Details'!E$1,0),"") -> Airtel | F980: =_xlfn.IFNA(VLOOKUP($D980,'Route-Details'!$B$2:$X$1048576,'Node Details'!F$1,0),"") -> Nigdi 4133 | G980: =_xlfn.IFNA(VLOOKUP($D980,'Route-Details'!$B$2:$X$1048576,'Node Details'!G$1,0),"") -> Pune | H980: =_xlfn.IFNA(VLOOKUP($D980,'Route-Details'!$B$2:$X$1048576,'Node Details'!H$1,0),"") -> M&G | I980: =_xlfn.IFNA(VLOOKUP($D980,'Route-Details'!$B$2:$X$1048576,'Node Details'!I$1,0),"") -> S8O | J980: =_xlfn.IFNA(VLOOKUP($D980,'Route-Details'!$B$2:$X$1048576,'Node Details'!J$1,0),"") -> S8O | K980: 45198 | L980: 45230 | M980: 45233 | N980: 45230 | Q980: No | BB980: R-61 | BC980: New data for Sep-23 Audit
A981: =A980+1 -> 979 | B981: S8O140107 | C981: 18.66192,73.76923 | D981: 0000S8O14-S8O140107 | E981: =_xlfn.IFNA(VLOOKUP($D981,'Route-Details'!$B$2:$X$1048576,'Node Details'!E$1,0),"") -> Airtel | F981: =_xlfn.IFNA(VLOOKUP($D981,'Route-Details'!$B$2:$X$1048576,'Node Details'!F$1,0),"") -> Nigdi 4133 | G981: =_xlfn.IFNA(VLOOKUP($D981,'Route-Details'!$B$2:$X$1048576,'Node Details'!G$1,0),"") -> Pune | H981: =_xlfn.IFNA(VLOOKUP($D981,'Route-Details'!$B$2:$X$1048576,'Node Details'!H$1,0),"") -> M&G | I981: =_xlfn.IFNA(VLOOKUP($D981,'Route-Details'!$B$2:$X$1048576,'Node Details'!I$1,0),"") -> S8O | J981: =_xlfn.IFNA(VLOOKUP($D981,'Route-Details'!$B$2:$X$1048576,'Node Details'!J$1,0),"") -> S8O | K981: 45198 | L981: 45230 | M981: 45233 | N981: 45230 | Q981: No | BB981: R-61 | BC981: New data for Sep-23 Audit
A982: =A981+1 -> 980 | B982: S8O15 | C982: 18.6607907,73.7687297 | D982: 0000S8O12-0000S8O15 | E982: =_xlfn.IFNA(VLOOKUP($D982,'Route-Details'!$B$2:$X$1048576,'Node Details'!E$1,0),"") -> Airtel | F982: =_xlfn.IFNA(VLOOKUP($D982,'Route-Details'!$B$2:$X$1048576,'Node Details'!F$1,0),"") -> Nigdi 4133 | G982: =_xlfn.IFNA(VLOOKUP($D982,'Route-Details'!$B$2:$X$1048576,'Node Details'!G$1,0),"") -> Pune | H982: =_xlfn.IFNA(VLOOKUP($D982,'Route-Details'!$B$2:$X$1048576,'Node Details'!H$1,0),"") -> M&G | I982: =_xlfn.IFNA(VLOOKUP($D982,'Route-Details'!$B$2:$X$1048576,'Node Details'!I$1,0),"") -> S8O | J982: =_xlfn.IFNA(VLOOKUP($D982,'Route-Details'!$B$2:$X$1048576,'Node Details'!J$1,0),"") -> S8O | K982: 45198 | L982: 45199 | M982: 45233 | N982: 45199 | Q982: No | BB982: R-6 | BC982: New data for Sep-23 Audit
...

Sheet Other Material
C1: =MATCH(C2,'Node Details'!$B$2:$U$2,0) -> 3 | D1: =MATCH(D2,'Node Details'!$B$2:$U$2,0) -> 9 | E1: =MATCH(E2,'Node Details'!$B$2:$U$2,0) -> 4 | I1: =SUBTOTAL(9,I3:I1048576) -> 3382 | K1: =SUBTOTAL(9,K3:K1048576) -> 797268
A2: Sr No | B2: FDC/FAT Unique ID | C2: Route ID (Route on which FAT/FDC is connected) | D2: Cluster ID | E2: Customer | F2: HOTO Date | H2: Item Name | I2: Qty used | J2: Rate Per Unit | K2: Total Cost | L2: Installation Date | N2: Vendor PO No | O2: Vendor PO Date | P2: Vendor PO Rate | Q2: Vendor PO Cost | S2: Vendor Invoice No | T2: Vendor Invoice Date | U2: Vendor Invoice Rate | V2: Vendor Invoiced length | W2: Invoice Amt | X2: Circle | Z2: Remark
A3: 1 | B3: 1WB15 | C3: =IF($B3<>"",_xlfn.IFNA(VLOOKUP($B3,'Node Details'!$B:$U,C$1,0),"Check"),"") -> 0000001WB-00001WB15 | D3: =IF($B3<>"",_xlfn.IFNA(VLOOKUP($B3,'Node Details'!$B:$U,D$1,0),"Check"),"") -> 1WB | E3: =IF($B3<>"",_xlfn.IFNA(VLOOKUP($B3,'Node Details'!$B:$U,E$1,0),"Check"),"") -> Airtel | F3: 45046 | H3: Primary Splitter 2:8 | I3: 1 | J3: 850 | K3: =I3*J3 -> 850 | L3: 45046 | W3: =IF(V3<>"",V3*U3,0) -> 0 | X3: M&G | Z3: New data for Sep-23 Audit
A4: =IF(B4<>"",A3+1,"") -> 2 | B4: 1WB150103 | C4: =IF($B4<>"",_xlfn.IFNA(VLOOKUP($B4,'Node Details'!$B:$U,C$1,0),"Check"),"") -> 00001WB15-1WB150101 | D4: =IF($B4<>"",_xlfn.IFNA(VLOOKUP($B4,'Node Details'!$B:$U,D$1,0),"Check"),"") -> 1WB | E4: =IF($B4<>"",_xlfn.IFNA(VLOOKUP($B4,'Node Details'!$B:$U,E$1,0),"Check"),"") -> Airtel | F4: 45046 | H4: Secondary Splitter 1:16 | I4: 1 | J4: 650 | K4: =I4*J4 -> 650 | L4: 45046 | W4: =IF(V4<>"",V4*U4,0) -> 0 | X4: M&G | Z4: New data for Sep-23 Audit
A5: =IF(B5<>"",A4+1,"") -> 3 | B5: 1WB150102 | C5: =IF($B5<>"",_xlfn.IFNA(VLOOKUP($B5,'Node Details'!$B:$U,C$1,0),"Check"),"") -> 00001WB15-1WB150101 | D5: =IF($B5<>"",_xlfn.IFNA(VLOOKUP($B5,'Node Details'!$B:$U,D$1,0),"Check"),"") -> 1WB | E5: =IF($B5<>"",_xlfn.IFNA(VLOOKUP($B5,'Node Details'!$B:$U,E$1,0),"Check"),"") -> Airtel | F5: 45046 | H5: Secondary Splitter 1:16 | I5: 1 | J5: 650 | K5: =I5*J5 -> 650 | L5: 45046 | W5: =IF(V5<>"",V5*U5,0) -> 0 | X5: M&G | Z5: New data for Sep-23 Audit
A6: =IF(B6<>"",A5+1,"") -> 4 | B6: 1WB150101 | C6: =IF($B6<>"",_xlfn.IFNA(VLOOKUP($B6,'Node Details'!$B:$U,C$1,0),"Check"),"") -> 00001WB15-1WB150101 | D6: =IF($B6<>"",_xlfn.IFNA(VLOOKUP($B6,'Node Details'!$B:$U,D$1,0),"Check"),"") -> 1WB | E6: =IF($B6<>"",_xlfn.IFNA(VLOOKUP($B6,'Node Details'!$B:$U,E$1,0),"Check"),"") -> Airtel | F6: 45046 | H6: Secondary Splitter 1:16 | I6: 1 | J6: 650 | K6: =I6*J6 -> 650 | L6: 45046 | W6: =IF(V6<>"",V6*U6,0) -> 0 | X6: M&G | Z6: New data for Sep-23 Audit
A7: =IF(B7<>"",A6+1,"") -> 5 | B7: 1WB16 | C7: =IF($B7<>"",_xlfn.IFNA(VLOOKUP($B7,'Node Details'!$B:$U,C$1,0),"Check"),"") -> 0000001WB-00001WB19 | D7: =IF($B7<>"",_xlfn.IFNA(VLOOKUP($B7,'Node Details'!$B:$U,D$1,0),"Check"),"") -> 1WB | E7: =IF($B7<>"",_xlfn.IFNA(VLOOKUP($B7,'Node Details'!$B:$U,E$1,0),"Check"),"") -> Airtel | F7: 45046 | H7: Primary Splitter 2:8 | I7: 1 | J7: 850 | K7: =I7*J7 -> 850 | L7: 45046 | W7: =IF(V7<>"",V7*U7,0) -> 0 | X7: M&G | Z7: New data for Sep-23 Audit
A8: =IF(B8<>"",A7+1,"") -> 6 | B8: 1WB160108 | C8: =IF($B8<>"",_xlfn.IFNA(VLOOKUP($B8,'Node Details'!$B:$U,C$1,0),"Check"),"") -> 00001WB16-1WB160108 | D8: =IF($B8<>"",_xlfn.IFNA(VLOOKUP($B8,'Node Details'!$B:$U,D$1,0),"Check"),"") -> 1WB | E8: =IF($B8<>"",_xlfn.IFNA(VLOOKUP($B8,'Node Details'!$B:$U,E$1,0),"Check"),"") -> Airtel | F8: 45046 | H8: Secondary Splitter 1:16 | I8: 1 | J8: 650 | K8: =I8*J8 -> 650 | L8: 45046 | W8: =IF(V8<>"",V8*U8,0) -> 0 | X8: M&G | Z8: New data for Sep-23 Audit
A9: =IF(B9<>"",A8+1,"") -> 7 | B9: 1WB160107 | C9: =IF($B9<>"",_xlfn.IFNA(VLOOKUP($B9,'Node Details'!$B:$U,C$1,0),"Check"),"") -> 00001WB16-1WB160107 | D9: =IF($B9<>"",_xlfn.IFNA(VLOOKUP($B9,'Node Details'!$B:$U,D$1,0),"Check"),"") -> 1WB | E9: =IF($B9<>"",_xlfn.IFNA(VLOOKUP($B9,'Node Details'!$B:$U,E$1,0),"Check"),"") -> Airtel | F9: 45046 | H9: Secondary Splitter 1:16 | I9: 1 | J9: 650 | K9: =I9*J9 -> 650 | L9: 45046 | W9: =IF(V9<>"",V9*U9,0) -> 0 | X9: M&G | Z9: New data for Sep-23 Audit
A10: =IF(B10<>"",A9+1,"") -> 8 | B10: 1WB160106 | C10: =IF($B10<>"",_xlfn.IFNA(VLOOKUP($B10,'Node Details'!$B:$U,C$1,0),"Check"),"") -> 00001WB16-1WB160101 | D10: =IF($B10<>"",_xlfn.IFNA(VLOOKUP($B10,'Node Details'!$B:$U,D$1,0),"Check"),"") -> 1WB | E10: =IF($B10<>"",_xlfn.IFNA(VLOOKUP($B10,'Node Details'!$B:$U,E$1,0),"Check"),"") -> Airtel | F10: 45046 | H10: Secondary Splitter 1:16 | I10: 1 | J10: 650 | K10: =I10*J10 -> 650 | L10: 45046 | W10: =IF(V10<>"",V10*U10,0) -> 0 | X10: M&G | Z10: New data for Sep-23 Audit
A11: =IF(B11<>"",A10+1,"") -> 9 | B11: 1WB160105 | C11: =IF($B11<>"",_xlfn.IFNA(VLOOKUP($B11,'Node Details'!$B:$U,C$1,0),"Check"),"") -> 00001WB16-1WB160101 | D11: =IF($B11<>"",_xlfn.IFNA(VLOOKUP($B11,'Node Details'!$B:$U,D$1,0),"Check"),"") -> 1WB | E11: =IF($B11<>"",_xlfn.IFNA(VLOOKUP($B11,'Node Details'!$B:$U,E$1,0),"Check"),"") -> Airtel | F11: 45046 | H11: Secondary Splitter 1:16 | I11: 1 | J11: 650 | K11: =I11*J11 -> 650 | L11: 45046 | W11: =IF(V11<>"",V11*U11,0) -> 0 | X11: M&G | Z11: New data for Sep-23 Audit
A12: =IF(B12<>"",A11+1,"") -> 10 | B12: 1WB160104 | C12: =IF($B12<>"",_xlfn.IFNA(VLOOKUP($B12,'Node Details'!$B:$U,C$1,0),"Check"),"") -> 00001WB16-1WB160101 | D12: =IF($B12<>"",_xlfn.IFNA(VLOOKUP($B12,'Node Details'!$B:$U,D$1,0),"Check"),"") -> 1WB | E12: =IF($B12<>"",_xlfn.IFNA(VLOOKUP($B12,'Node Details'!$B:$U,E$1,0),"Check"),"") -> Airtel | F12: 45046 | H12: Secondary Splitter 1:16 | I12: 1 | J12: 650 | K12: =I12*J12 -> 650 | L12: 45046 | W12: =IF(V12<>"",V12*U12,0) -> 0 | X12: M&G | Z12: New data for Sep-23 Audit
A13: =IF(B13<>"",A12+1,"") -> 11 | B13: 1WB160103 | C13: =IF($B13<>"",_xlfn.IFNA(VLOOKUP($B13,'Node Details'!$B:$U,C$1,0),"Check"),"") -> 00001WB16-1WB160101 | D13: =IF($B13<>"",_xlfn.IFNA(VLOOKUP($B13,'Node Details'!$B:$U,D$1,0),"Check"),"") -> 1WB | E13: =IF($B13<>"",_xlfn.IFNA(VLOOKUP($B13,'Node Details'!$B:$U,E$1,0),"Check"),"") -> Airtel | F13: 45046 | H13: Secondary Splitter 1:16 | I13: 1 | J13: 650 | K13: =I13*J13 -> 650 | L13: 45046 | W13: =IF(V13<>"",V13*U13,0) -> 0 | X13: M&G | Z13: New data for Sep-23 Audit
A14: =IF(B14<>"",A13+1,"") -> 12 | B14: 1WB160102 | C14: =IF($B14<>"",_xlfn.IFNA(VLOOKUP($B14,'Node Details'!$B:$U,C$1,0),"Check"),"") -> 00001WB16-1WB160101 | D14: =IF($B14<>"",_xlfn.IFNA(VLOOKUP($B14,'Node Details'!$B:$U,D$1,0),"Check"),"") -> 1WB | E14: =IF($B14<>"",_xlfn.IFNA(VLOOKUP($B14,'Node Details'!$B:$U,E$1,0),"Check"),"") -> Airtel | F14: 45046 | H14: Secondary Splitter 1:16 | I14: 1 | J14: 650 | K14: =I14*J14 -> 650 | L14: 45046 | W14: =IF(V14<>"",V14*U14,0) -> 0 | X14: M&G | Z14: New data for Sep-23 Audit
A15: =IF(B15<>"",A14+1,"") -> 13 | B15: 1WB160101 | C15: =IF($B15<>"",_xlfn.IFNA(VLOOKUP($B15,'Node Details'!$B:$U,C$1,0),"Check"),"") -> 00001WB16-1WB160101 | D15: =IF($B15<>"",_xlfn.IFNA(VLOOKUP($B15,'Node Details'!$B:$U,D$1,0),"Check"),"") -> 1WB | E15: =IF($B15<>"",_xlfn.IFNA(VLOOKUP($B15,'Node Details'!$B:$U,E$1,0),"Check"),"") -> Airtel | F15: 45046 | H15: Secondary Splitter 1:16 | I15: 1 | J15: 650 | K15: =I15*J15 -> 650 | L15: 45046 | W15: =IF(V15<>"",V15*U15,0) -> 0 | X15: M&G | Z15: New data for Sep-23 Audit
... A1549: =IF(B1549<>"",A1548+1,"") -> 1547 | B1549: S6J160104 | C1549: =IF($B1549<>"",_xlfn.IFNA(VLOOKUP($B1549,'Node Details'!$B:$U,C$1,0),"Check"),"") -> 0000S6J16-S6J160104 | D1549: =IF($B1549<>"",_xlfn.IFNA(VLOOKUP($B1549,'Node Details'!$B:$U,D$1,0),"Check"),"") -> S6J | E1549: =IF($B1549<>"",_xlfn.IFNA(VLOOKUP($B1549,'Node Details'!$B:$U,E$1,0),"Check"),"") -> Airtel | F1549: 45148 | H1549: Pigtail | I1549: 2 | J1549: 76 | K1549: =I1549*J1549 -> 152 | L1549: 45148 | W1549: =IF(V1549<>"",V1549*U1549,0) -> 0 | X1549: M&G | Z1549: New data for Sep-23 Audit
A1550: =IF(B1550<>"",A1549+1,"") -> 1548 | B1550: 04O550107 | C1550: =IF($B1550<>"",_xlfn.IFNA(VLOOKUP($B1550,'Node Details'!$B:$U,C$1,0),"Check"),"") -> 04O550104-04O550107 | D1550: =IF($B1550<>"",_xlfn.IFNA(VLOOKUP($B1550,'Node Details'!$B:$U,D$1,0),"Check"),"") -> 04O | E1550: =IF($B1550<>"",_xlfn.IFNA(VLOOKUP($B1550,'Node Details'!$B:$U,E$1,0),"Check"),"") -> Airtel | F1550: Pending | H1550: Secondary Splitter 1:8 | I1550: 1 | J1550: 450 | K1550: =I1550*J1550 -> 450 | L1550: 45140.446 | W1550: =IF(V1550<>"",V1550*U1550,0) -> 0 | X1550: M&G | Z1550: New data for Sep-23 Audit
A1551: =IF(B1551<>"",A1550+1,"") -> 1549 | B1551: 04O590108 | C1551: =IF($B1551<>"",_xlfn.IFNA(VLOOKUP($B1551,'Node Details'!$B:$U,C$1,0),"Check"),"") -> 04O580106-04O590107 | D1551: =IF($B1551<>"",_xlfn.IFNA(VLOOKUP($B1551,'Node Details'!$B:$U,D$1,0),"Check"),"") -> 04O | E1551: =IF($B1551<>"",_xlfn.IFNA(VLOOKUP($B1551,'Node Details'!$B:$U,E$1,0),"Check"),"") -> Airtel | F1551: Pending | H1551: Secondary Splitter 1:8 | I1551: 1 | J1551: 450 | K1551: =I1551*J1551 -> 450 | L1551: 45197 | W1551: =IF(V1551<>"",V1551*U1551,0) -> 0 | X1551: M&G | Z1551: New data for Sep-23 Audit
A1552: =IF(B1552<>"",A1551+1,"") -> 1550 | B1552: 04O200108 | C1552: =IF($B1552<>"",_xlfn.IFNA(VLOOKUP($B1552,'Node Details'!$B:$U,C$1,0),"Check"),"") -> 04O200105-04O200108 | D1552: =IF($B1552<>"",_xlfn.IFNA(VLOOKUP($B1552,'Node Details'!$B:$U,D$1,0),"Check"),"") -> 04O | E1552: =IF($B1552<>"",_xlfn.IFNA(VLOOKUP($B1552,'Node Details'!$B:$U,E$1,0),"Check"),"") -> Airtel | F1552: Pending | H1552: Secondary Splitter 1:8 | I1552: 1 | J1552: 450 | K1552: =I1552*J1552 -> 450 | L1552: 45149 | W1552: =IF(V1552<>"",V1552*U1552,0) -> 0 | X1552: M&G | Z1552: New data for Sep-23 Audit
